sample_1	sample_2	condition_1	condition_2	same_condition	n_complete_microexons	pearson_r	spearman_rho
CD8_ctrl_1	CD8_ctrl_2	Ctrl	Ctrl	True	528	0.9134197765784987	0.9020453981804702
CD8_ctrl_1	CD8_ctrl_3	Ctrl	Ctrl	True	518	0.8943587974446094	0.8859682495541091
CD8_ctrl_1	CD8_30min_activation_1	Ctrl	30min	False	518	0.8865586021131772	0.8794346093336183
CD8_ctrl_1	CD8_30min_activation_2	Ctrl	30min	False	523	0.8786902190594265	0.8869834839830436
CD8_ctrl_1	CD8_30min_activation_3	Ctrl	30min	False	522	0.9228459002027466	0.9153641458740001
CD8_ctrl_1	CD8_3hr_activation_1	Ctrl	3hr	False	503	0.8925426295100494	0.8698079668427264
CD8_ctrl_1	CD8_3hr_activation_2	Ctrl	3hr	False	513	0.8837460610000929	0.8638264281004259
CD8_ctrl_1	CD8_3hr_activation_3	Ctrl	3hr	False	498	0.8770435870103632	0.8654381813027873
CD8_ctrl_1	CD8_12hr_activation_1	Ctrl	12hr	False	514	0.8461204820115855	0.8419273315636612
CD8_ctrl_1	CD8_12hr_activation_2	Ctrl	12hr	False	512	0.8283471218771636	0.8007940438897915
CD8_ctrl_1	CD8_12hr_activation_3	Ctrl	12hr	False	488	0.8614551685658701	0.851092996142804
CD8_ctrl_1	CD8_24hr_activation_1	Ctrl	24hr	False	523	0.8328704825477015	0.8279367161356868
CD8_ctrl_1	CD8_24hr_activation_2	Ctrl	24hr	False	513	0.8369198504598555	0.8369532922661284
CD8_ctrl_1	CD8_24hr_activation_3	Ctrl	24hr	False	508	0.826857431598879	0.8318466389209703
CD8_ctrl_1	CD8_48hr_activation_1	Ctrl	48hr	False	493	0.8449587822012934	0.8393585755339572
CD8_ctrl_1	CD8_48hr_activation_2	Ctrl	48hr	False	482	0.8487179497939892	0.8454224067387246
CD8_ctrl_1	CD8_48hr_activation_3	Ctrl	48hr	False	495	0.818688903338936	0.8293205657740723
CD8_ctrl_1	CD8_72hr_activation_1	Ctrl	72hr	False	483	0.8349964252590257	0.833418126226602
CD8_ctrl_1	CD8_72hr_activation_2	Ctrl	72hr	False	483	0.8255173363521437	0.8436691539907397
CD8_ctrl_1	CD8_72hr_activation_3	Ctrl	72hr	False	485	0.8168054789504645	0.8240960447889804
CD8_ctrl_1	CD8_7day_activation_1	Ctrl	7day	False	516	0.8571815359786896	0.8292144201232217
CD8_ctrl_1	CD8_7day_activation_2	Ctrl	7day	False	509	0.843240734030552	0.8387645002606718
CD8_ctrl_1	CD8_7day_activation_3	Ctrl	7day	False	522	0.8432085586003304	0.8364954835619663
CD8_ctrl_2	CD8_ctrl_3	Ctrl	Ctrl	True	541	0.8916761307118888	0.8773454350360568
CD8_ctrl_2	CD8_30min_activation_1	Ctrl	30min	False	542	0.9140227854130271	0.8837201099303574
CD8_ctrl_2	CD8_30min_activation_2	Ctrl	30min	False	547	0.9209937966265503	0.8901580738895779
CD8_ctrl_2	CD8_30min_activation_3	Ctrl	30min	False	550	0.932077549393704	0.8976368970555747
CD8_ctrl_2	CD8_3hr_activation_1	Ctrl	3hr	False	533	0.89062384556033	0.861592169451764
CD8_ctrl_2	CD8_3hr_activation_2	Ctrl	3hr	False	535	0.8988863491054748	0.8676570369093302
CD8_ctrl_2	CD8_3hr_activation_3	Ctrl	3hr	False	524	0.8887181579502197	0.871055113906011
CD8_ctrl_2	CD8_12hr_activation_1	Ctrl	12hr	False	537	0.8725226965460735	0.8613106313155097
CD8_ctrl_2	CD8_12hr_activation_2	Ctrl	12hr	False	532	0.863400479823176	0.8301632162955673
CD8_ctrl_2	CD8_12hr_activation_3	Ctrl	12hr	False	509	0.8729167149364196	0.8387420670191706
CD8_ctrl_2	CD8_24hr_activation_1	Ctrl	24hr	False	548	0.8796548785585816	0.8519968476886465
CD8_ctrl_2	CD8_24hr_activation_2	Ctrl	24hr	False	535	0.8598494527275592	0.8555714267253688
CD8_ctrl_2	CD8_24hr_activation_3	Ctrl	24hr	False	527	0.8642562249550854	0.8471189035555647
CD8_ctrl_2	CD8_48hr_activation_1	Ctrl	48hr	False	515	0.8709608706984482	0.8502012596734839
CD8_ctrl_2	CD8_48hr_activation_2	Ctrl	48hr	False	506	0.8627174017142999	0.8578809441184206
CD8_ctrl_2	CD8_48hr_activation_3	Ctrl	48hr	False	516	0.8686752926114664	0.8541120027400372
CD8_ctrl_2	CD8_72hr_activation_1	Ctrl	72hr	False	512	0.8595400680640569	0.855149024500639
CD8_ctrl_2	CD8_72hr_activation_2	Ctrl	72hr	False	514	0.8525533712485728	0.8633265165270194
CD8_ctrl_2	CD8_72hr_activation_3	Ctrl	72hr	False	508	0.8349742855032521	0.8440915243446999
CD8_ctrl_2	CD8_7day_activation_1	Ctrl	7day	False	542	0.8834687002039373	0.8349789826345513
CD8_ctrl_2	CD8_7day_activation_2	Ctrl	7day	False	537	0.8746215870286709	0.8477354768688383
CD8_ctrl_2	CD8_7day_activation_3	Ctrl	7day	False	549	0.8901911482736359	0.8573991472142956
CD8_ctrl_3	CD8_30min_activation_1	Ctrl	30min	False	526	0.8882186169388355	0.862268272560512
CD8_ctrl_3	CD8_30min_activation_2	Ctrl	30min	False	533	0.9100564034100891	0.8960844013414213
CD8_ctrl_3	CD8_30min_activation_3	Ctrl	30min	False	541	0.9292749362290412	0.89381004172963
CD8_ctrl_3	CD8_3hr_activation_1	Ctrl	3hr	False	516	0.9066571463516264	0.8944324671299047
CD8_ctrl_3	CD8_3hr_activation_2	Ctrl	3hr	False	521	0.892354654677583	0.8615788830199207
CD8_ctrl_3	CD8_3hr_activation_3	Ctrl	3hr	False	507	0.9028222505080147	0.8617478067660531
CD8_ctrl_3	CD8_12hr_activation_1	Ctrl	12hr	False	526	0.8689214216559924	0.8338974821006792
CD8_ctrl_3	CD8_12hr_activation_2	Ctrl	12hr	False	520	0.8557607621871228	0.8037877304811032
CD8_ctrl_3	CD8_12hr_activation_3	Ctrl	12hr	False	498	0.8720610190780365	0.8453802017235881
CD8_ctrl_3	CD8_24hr_activation_1	Ctrl	24hr	False	540	0.862202285509729	0.8300827864401434
CD8_ctrl_3	CD8_24hr_activation_2	Ctrl	24hr	False	525	0.8489195476048456	0.8329442027115381
CD8_ctrl_3	CD8_24hr_activation_3	Ctrl	24hr	False	523	0.8448932502601916	0.8349630502944665
CD8_ctrl_3	CD8_48hr_activation_1	Ctrl	48hr	False	502	0.8625505786379207	0.8364698785590627
CD8_ctrl_3	CD8_48hr_activation_2	Ctrl	48hr	False	492	0.8537034604701403	0.843601543077016
CD8_ctrl_3	CD8_48hr_activation_3	Ctrl	48hr	False	508	0.8498940469266436	0.8457979542629276
CD8_ctrl_3	CD8_72hr_activation_1	Ctrl	72hr	False	500	0.8414854993074816	0.8354371650133556
CD8_ctrl_3	CD8_72hr_activation_2	Ctrl	72hr	False	499	0.8334052005596703	0.8442689847960518
CD8_ctrl_3	CD8_72hr_activation_3	Ctrl	72hr	False	502	0.8166140039945983	0.8215520887699971
CD8_ctrl_3	CD8_7day_activation_1	Ctrl	7day	False	529	0.8683014524751506	0.8400121076788435
CD8_ctrl_3	CD8_7day_activation_2	Ctrl	7day	False	528	0.8642884179708373	0.8398435614593961
CD8_ctrl_3	CD8_7day_activation_3	Ctrl	7day	False	537	0.8721335125743241	0.8529979192283671
CD8_30min_activation_1	CD8_30min_activation_2	30min	30min	True	533	0.9019959843397113	0.886010289906432
CD8_30min_activation_1	CD8_30min_activation_3	30min	30min	True	540	0.9260130940743853	0.8888189883865494
CD8_30min_activation_1	CD8_3hr_activation_1	30min	3hr	False	517	0.890072369282406	0.8649187854857697
CD8_30min_activation_1	CD8_3hr_activation_2	30min	3hr	False	521	0.8865844891436971	0.8597523054306195
CD8_30min_activation_1	CD8_3hr_activation_3	30min	3hr	False	509	0.8778132054738087	0.8609972304546594
CD8_30min_activation_1	CD8_12hr_activation_1	30min	12hr	False	523	0.853721648678061	0.8333182536118293
CD8_30min_activation_1	CD8_12hr_activation_2	30min	12hr	False	524	0.8643997091791974	0.8251188167359079
CD8_30min_activation_1	CD8_12hr_activation_3	30min	12hr	False	498	0.8582828717267602	0.8358627693699454
CD8_30min_activation_1	CD8_24hr_activation_1	30min	24hr	False	534	0.8627163302883843	0.8345305802335358
CD8_30min_activation_1	CD8_24hr_activation_2	30min	24hr	False	521	0.8277254001538549	0.8187442739213434
CD8_30min_activation_1	CD8_24hr_activation_3	30min	24hr	False	518	0.848719771817012	0.8440007947218562
CD8_30min_activation_1	CD8_48hr_activation_1	30min	48hr	False	504	0.8530931805209303	0.8227907178646916
CD8_30min_activation_1	CD8_48hr_activation_2	30min	48hr	False	492	0.8472184866094251	0.8312082995991675
CD8_30min_activation_1	CD8_48hr_activation_3	30min	48hr	False	505	0.8426931636159088	0.8287527628277817
CD8_30min_activation_1	CD8_72hr_activation_1	30min	72hr	False	502	0.828073133870598	0.8185496121721819
CD8_30min_activation_1	CD8_72hr_activation_2	30min	72hr	False	503	0.8575057311218708	0.8387880339064824
CD8_30min_activation_1	CD8_72hr_activation_3	30min	72hr	False	499	0.8202249322044487	0.8229206906284129
CD8_30min_activation_1	CD8_7day_activation_1	30min	7day	False	526	0.8707319326850012	0.8303001345842922
CD8_30min_activation_1	CD8_7day_activation_2	30min	7day	False	521	0.8592957395130499	0.8413528003232831
CD8_30min_activation_1	CD8_7day_activation_3	30min	7day	False	533	0.8777003476604793	0.8541462520777499
CD8_30min_activation_2	CD8_30min_activation_3	30min	30min	True	549	0.9155212783691637	0.907422626728141
CD8_30min_activation_2	CD8_3hr_activation_1	30min	3hr	False	526	0.8886968663344857	0.864354152459815
CD8_30min_activation_2	CD8_3hr_activation_2	30min	3hr	False	534	0.8723103150064471	0.8482025216727183
CD8_30min_activation_2	CD8_3hr_activation_3	30min	3hr	False	520	0.8782169897937807	0.8503240486909115
CD8_30min_activation_2	CD8_12hr_activation_1	30min	12hr	False	534	0.8447127388563971	0.8289085408672819
CD8_30min_activation_2	CD8_12hr_activation_2	30min	12hr	False	533	0.8534390943303586	0.828281309198772
CD8_30min_activation_2	CD8_12hr_activation_3	30min	12hr	False	511	0.8560071905481771	0.8431798008125033
CD8_30min_activation_2	CD8_24hr_activation_1	30min	24hr	False	548	0.8605257360524586	0.846392627547816
CD8_30min_activation_2	CD8_24hr_activation_2	30min	24hr	False	535	0.8469208807853619	0.844829600101616
CD8_30min_activation_2	CD8_24hr_activation_3	30min	24hr	False	528	0.8430810691723907	0.8488975576737743
CD8_30min_activation_2	CD8_48hr_activation_1	30min	48hr	False	516	0.8528606818367782	0.8456877778219011
CD8_30min_activation_2	CD8_48hr_activation_2	30min	48hr	False	502	0.8464100810515152	0.8494004721718708
CD8_30min_activation_2	CD8_48hr_activation_3	30min	48hr	False	518	0.8457392381097071	0.8392694428605216
CD8_30min_activation_2	CD8_72hr_activation_1	30min	72hr	False	511	0.8456904827657432	0.8578066795946632
CD8_30min_activation_2	CD8_72hr_activation_2	30min	72hr	False	510	0.8469712450169449	0.8644337137913317
CD8_30min_activation_2	CD8_72hr_activation_3	30min	72hr	False	508	0.8422279775677419	0.8415587833516708
CD8_30min_activation_2	CD8_7day_activation_1	30min	7day	False	541	0.8440170755676359	0.8158275591226063
CD8_30min_activation_2	CD8_7day_activation_2	30min	7day	False	534	0.858850748420183	0.8513482751253557
CD8_30min_activation_2	CD8_7day_activation_3	30min	7day	False	547	0.8616052327812246	0.8476644382358466
CD8_30min_activation_3	CD8_3hr_activation_1	30min	3hr	False	526	0.9024148625277977	0.8702481303208189
CD8_30min_activation_3	CD8_3hr_activation_2	30min	3hr	False	533	0.9119955072249204	0.8749058516731413
CD8_30min_activation_3	CD8_3hr_activation_3	30min	3hr	False	520	0.9053275561553611	0.8692831290241457
CD8_30min_activation_3	CD8_12hr_activation_1	30min	12hr	False	535	0.8802648620194	0.8567446393023738
CD8_30min_activation_3	CD8_12hr_activation_2	30min	12hr	False	531	0.8758307993147133	0.8286221351000644
CD8_30min_activation_3	CD8_12hr_activation_3	30min	12hr	False	511	0.8767031775986185	0.8410585999941935
CD8_30min_activation_3	CD8_24hr_activation_1	30min	24hr	False	544	0.8814217072766171	0.8546393231983528
CD8_30min_activation_3	CD8_24hr_activation_2	30min	24hr	False	534	0.868404079560654	0.846198187829627
CD8_30min_activation_3	CD8_24hr_activation_3	30min	24hr	False	527	0.8658268557890009	0.8528154196445745
CD8_30min_activation_3	CD8_48hr_activation_1	30min	48hr	False	514	0.8777682570213128	0.8459852306962148
CD8_30min_activation_3	CD8_48hr_activation_2	30min	48hr	False	503	0.8703845995110455	0.8533473507464139
CD8_30min_activation_3	CD8_48hr_activation_3	30min	48hr	False	515	0.858699673100083	0.8433695608346672
CD8_30min_activation_3	CD8_72hr_activation_1	30min	72hr	False	507	0.8574688255501967	0.8409356076788564
CD8_30min_activation_3	CD8_72hr_activation_2	30min	72hr	False	506	0.8684844279584878	0.846853701076546
CD8_30min_activation_3	CD8_72hr_activation_3	30min	72hr	False	507	0.8257897556318342	0.8249540478084746
CD8_30min_activation_3	CD8_7day_activation_1	30min	7day	False	541	0.8780273505730927	0.8344571687861878
CD8_30min_activation_3	CD8_7day_activation_2	30min	7day	False	531	0.8832549159382586	0.8441828945347476
CD8_30min_activation_3	CD8_7day_activation_3	30min	7day	False	546	0.8958799891630725	0.8578418775146658
CD8_3hr_activation_1	CD8_3hr_activation_2	3hr	3hr	True	533	0.9356705619111527	0.8935694697612109
CD8_3hr_activation_1	CD8_3hr_activation_3	3hr	3hr	True	516	0.9406933723438209	0.8978123786403256
CD8_3hr_activation_1	CD8_12hr_activation_1	3hr	12hr	False	519	0.9256622778100251	0.8887167029643736
CD8_3hr_activation_1	CD8_12hr_activation_2	3hr	12hr	False	524	0.9268065079706783	0.8580263926482103
CD8_3hr_activation_1	CD8_12hr_activation_3	3hr	12hr	False	502	0.9244281384553892	0.8759542762709138
CD8_3hr_activation_1	CD8_24hr_activation_1	3hr	24hr	False	532	0.9186707753051034	0.8702790243056115
CD8_3hr_activation_1	CD8_24hr_activation_2	3hr	24hr	False	525	0.911604368697799	0.8653983589505259
CD8_3hr_activation_1	CD8_24hr_activation_3	3hr	24hr	False	513	0.927047650164383	0.895793719436059
CD8_3hr_activation_1	CD8_48hr_activation_1	3hr	48hr	False	503	0.9207984260194911	0.8645246714198745
CD8_3hr_activation_1	CD8_48hr_activation_2	3hr	48hr	False	496	0.9136265076722411	0.859971490954568
CD8_3hr_activation_1	CD8_48hr_activation_3	3hr	48hr	False	510	0.9145285313721232	0.8609685316923416
CD8_3hr_activation_1	CD8_72hr_activation_1	3hr	72hr	False	505	0.9067186719607716	0.8599729141023571
CD8_3hr_activation_1	CD8_72hr_activation_2	3hr	72hr	False	502	0.8870156023889946	0.8569095864235241
CD8_3hr_activation_1	CD8_72hr_activation_3	3hr	72hr	False	503	0.8944924270923076	0.8627413050938699
CD8_3hr_activation_1	CD8_7day_activation_1	3hr	7day	False	533	0.9103162612005252	0.8512783657748235
CD8_3hr_activation_1	CD8_7day_activation_2	3hr	7day	False	530	0.9023588813855716	0.8568595480481948
CD8_3hr_activation_1	CD8_7day_activation_3	3hr	7day	False	537	0.921292743389279	0.8837207641123253
CD8_3hr_activation_2	CD8_3hr_activation_3	3hr	3hr	True	516	0.9334468008077133	0.8937231768703208
CD8_3hr_activation_2	CD8_12hr_activation_1	3hr	12hr	False	530	0.9331383194353223	0.8847135740251157
CD8_3hr_activation_2	CD8_12hr_activation_2	3hr	12hr	False	530	0.9376743543854308	0.8632887142405492
CD8_3hr_activation_2	CD8_12hr_activation_3	3hr	12hr	False	507	0.9348763753839268	0.8705968199523672
CD8_3hr_activation_2	CD8_24hr_activation_1	3hr	24hr	False	541	0.9295842611174197	0.8779969748726248
CD8_3hr_activation_2	CD8_24hr_activation_2	3hr	24hr	False	533	0.9164207543237924	0.8514386499239339
CD8_3hr_activation_2	CD8_24hr_activation_3	3hr	24hr	False	522	0.9241458740902255	0.8802206168582949
CD8_3hr_activation_2	CD8_48hr_activation_1	3hr	48hr	False	516	0.9391788114944174	0.8786264353189666
CD8_3hr_activation_2	CD8_48hr_activation_2	3hr	48hr	False	501	0.9283315111018171	0.8686289952408308
CD8_3hr_activation_2	CD8_48hr_activation_3	3hr	48hr	False	513	0.9220791437394603	0.8741117353052226
CD8_3hr_activation_2	CD8_72hr_activation_1	3hr	72hr	False	510	0.9112772967382518	0.8796121903975977
CD8_3hr_activation_2	CD8_72hr_activation_2	3hr	72hr	False	508	0.9069940362004203	0.869155523793629
CD8_3hr_activation_2	CD8_72hr_activation_3	3hr	72hr	False	507	0.8834643042819254	0.8457255713862923
CD8_3hr_activation_2	CD8_7day_activation_1	3hr	7day	False	535	0.9182770942995537	0.8623785703986867
CD8_3hr_activation_2	CD8_7day_activation_2	3hr	7day	False	533	0.9275684932727717	0.8721444930208687
CD8_3hr_activation_2	CD8_7day_activation_3	3hr	7day	False	543	0.9336603398552119	0.885992736404576
CD8_3hr_activation_3	CD8_12hr_activation_1	3hr	12hr	False	522	0.9322428956742618	0.8767024033839691
CD8_3hr_activation_3	CD8_12hr_activation_2	3hr	12hr	False	520	0.9292894014822295	0.8606195604426203
CD8_3hr_activation_3	CD8_12hr_activation_3	3hr	12hr	False	505	0.9273886159277255	0.8754490240958654
CD8_3hr_activation_3	CD8_24hr_activation_1	3hr	24hr	False	532	0.9292659515786431	0.8791924035819411
CD8_3hr_activation_3	CD8_24hr_activation_2	3hr	24hr	False	521	0.9301407240709174	0.8696375687809779
CD8_3hr_activation_3	CD8_24hr_activation_3	3hr	24hr	False	514	0.9297362506679246	0.8865057473982952
CD8_3hr_activation_3	CD8_48hr_activation_1	3hr	48hr	False	503	0.9234605051662744	0.8757726222923088
CD8_3hr_activation_3	CD8_48hr_activation_2	3hr	48hr	False	500	0.921382964244997	0.8693882737200612
CD8_3hr_activation_3	CD8_48hr_activation_3	3hr	48hr	False	509	0.9144340027747785	0.8776620687982674
CD8_3hr_activation_3	CD8_72hr_activation_1	3hr	72hr	False	499	0.9157113023497391	0.8699214983235256
CD8_3hr_activation_3	CD8_72hr_activation_2	3hr	72hr	False	498	0.9017426762577784	0.8611234050821769
CD8_3hr_activation_3	CD8_72hr_activation_3	3hr	72hr	False	500	0.9021013664268123	0.8584001841741545
CD8_3hr_activation_3	CD8_7day_activation_1	3hr	7day	False	529	0.9129222376735278	0.868945896103155
CD8_3hr_activation_3	CD8_7day_activation_2	3hr	7day	False	522	0.9182029600333574	0.8832581639915953
CD8_3hr_activation_3	CD8_7day_activation_3	3hr	7day	False	533	0.9357532112417278	0.885945287586185
CD8_12hr_activation_1	CD8_12hr_activation_2	12hr	12hr	True	559	0.9682449685547733	0.9050140499162734
CD8_12hr_activation_1	CD8_12hr_activation_3	12hr	12hr	True	533	0.9620056185921788	0.9094630697056738
CD8_12hr_activation_1	CD8_24hr_activation_1	12hr	24hr	False	564	0.9759018647185803	0.9351834113707894
CD8_12hr_activation_1	CD8_24hr_activation_2	12hr	24hr	False	558	0.9550202653563644	0.9186530656036738
CD8_12hr_activation_1	CD8_24hr_activation_3	12hr	24hr	False	552	0.9605389079498575	0.9283087357515946
CD8_12hr_activation_1	CD8_48hr_activation_1	12hr	48hr	False	544	0.9589415498466798	0.9005925020968688
CD8_12hr_activation_1	CD8_48hr_activation_2	12hr	48hr	False	527	0.9639468422815151	0.9173716298622056
CD8_12hr_activation_1	CD8_48hr_activation_3	12hr	48hr	False	542	0.9497870807046163	0.8983543686950191
CD8_12hr_activation_1	CD8_72hr_activation_1	12hr	72hr	False	525	0.9580514363167849	0.91973168988055
CD8_12hr_activation_1	CD8_72hr_activation_2	12hr	72hr	False	528	0.9423011294975151	0.8933988818778831
CD8_12hr_activation_1	CD8_72hr_activation_3	12hr	72hr	False	532	0.9420109297653836	0.9050182877111078
CD8_12hr_activation_1	CD8_7day_activation_1	12hr	7day	False	560	0.9450486422393043	0.8857289820437352
CD8_12hr_activation_1	CD8_7day_activation_2	12hr	7day	False	547	0.9532151182095905	0.9032039225847027
CD8_12hr_activation_1	CD8_7day_activation_3	12hr	7day	False	564	0.9703020390301069	0.9097124772363577
CD8_12hr_activation_2	CD8_12hr_activation_3	12hr	12hr	True	533	0.9684887885315042	0.9027730672328017
CD8_12hr_activation_2	CD8_24hr_activation_1	12hr	24hr	False	562	0.9724194247239732	0.9199892340461573
CD8_12hr_activation_2	CD8_24hr_activation_2	12hr	24hr	False	560	0.9599699640585019	0.9020742937188014
CD8_12hr_activation_2	CD8_24hr_activation_3	12hr	24hr	False	555	0.9626140124353747	0.912137520362173
CD8_12hr_activation_2	CD8_48hr_activation_1	12hr	48hr	False	547	0.969002919964722	0.8995607304253476
CD8_12hr_activation_2	CD8_48hr_activation_2	12hr	48hr	False	530	0.9657955413908675	0.911516407127408
CD8_12hr_activation_2	CD8_48hr_activation_3	12hr	48hr	False	547	0.9583336145210066	0.8998115099536879
CD8_12hr_activation_2	CD8_72hr_activation_1	12hr	72hr	False	534	0.9570640588627431	0.9065329356835816
CD8_12hr_activation_2	CD8_72hr_activation_2	12hr	72hr	False	532	0.9434143936934178	0.8929690559157939
CD8_12hr_activation_2	CD8_72hr_activation_3	12hr	72hr	False	531	0.9451984378052974	0.8912184797029112
CD8_12hr_activation_2	CD8_7day_activation_1	12hr	7day	False	561	0.9487717406181323	0.8876154368349211
CD8_12hr_activation_2	CD8_7day_activation_2	12hr	7day	False	554	0.9495189342971729	0.8908148799284954
CD8_12hr_activation_2	CD8_7day_activation_3	12hr	7day	False	570	0.9607011385072843	0.8887817993002092
CD8_12hr_activation_3	CD8_24hr_activation_1	12hr	24hr	False	537	0.9600722878529302	0.930760953484538
CD8_12hr_activation_3	CD8_24hr_activation_2	12hr	24hr	False	535	0.9552410684240324	0.9138946702882081
CD8_12hr_activation_3	CD8_24hr_activation_3	12hr	24hr	False	532	0.9697676273917363	0.9360649811344048
CD8_12hr_activation_3	CD8_48hr_activation_1	12hr	48hr	False	526	0.9541828077665018	0.903543274361686
CD8_12hr_activation_3	CD8_48hr_activation_2	12hr	48hr	False	515	0.9641095183876779	0.923499676406624
CD8_12hr_activation_3	CD8_48hr_activation_3	12hr	48hr	False	531	0.9475599938916859	0.8880962021491077
CD8_12hr_activation_3	CD8_72hr_activation_1	12hr	72hr	False	515	0.9605173367698643	0.9008703313620895
CD8_12hr_activation_3	CD8_72hr_activation_2	12hr	72hr	False	512	0.9402721748894624	0.8825505233355808
CD8_12hr_activation_3	CD8_72hr_activation_3	12hr	72hr	False	513	0.9380799368873711	0.903683192341162
CD8_12hr_activation_3	CD8_7day_activation_1	12hr	7day	False	539	0.9515310124580568	0.901658838819103
CD8_12hr_activation_3	CD8_7day_activation_2	12hr	7day	False	531	0.9501818948381893	0.9147353472538378
CD8_12hr_activation_3	CD8_7day_activation_3	12hr	7day	False	542	0.9545907923620984	0.9168619110024016
CD8_24hr_activation_1	CD8_24hr_activation_2	24hr	24hr	True	569	0.9651459799159189	0.9268659620282749
CD8_24hr_activation_1	CD8_24hr_activation_3	24hr	24hr	True	570	0.9699614837727634	0.9298946723965548
CD8_24hr_activation_1	CD8_48hr_activation_1	24hr	48hr	False	555	0.9686994107901948	0.9229437146687555
CD8_24hr_activation_1	CD8_48hr_activation_2	24hr	48hr	False	543	0.9701492794114216	0.9261887816980704
CD8_24hr_activation_1	CD8_48hr_activation_3	24hr	48hr	False	560	0.9634339340784722	0.9204039696817315
CD8_24hr_activation_1	CD8_72hr_activation_1	24hr	72hr	False	545	0.9622697942525277	0.9252533743482325
CD8_24hr_activation_1	CD8_72hr_activation_2	24hr	72hr	False	543	0.9379883149527457	0.9021928701603613
CD8_24hr_activation_1	CD8_72hr_activation_3	24hr	72hr	False	545	0.9406487763041941	0.9095110396329816
CD8_24hr_activation_1	CD8_7day_activation_1	24hr	7day	False	573	0.9448262689029756	0.909385048267239
CD8_24hr_activation_1	CD8_7day_activation_2	24hr	7day	False	569	0.939536371954843	0.9130678605969222
CD8_24hr_activation_1	CD8_7day_activation_3	24hr	7day	False	582	0.9619270201886347	0.9239108586198236
CD8_24hr_activation_2	CD8_24hr_activation_3	24hr	24hr	True	560	0.9595582078261563	0.9221668469493253
CD8_24hr_activation_2	CD8_48hr_activation_1	24hr	48hr	False	548	0.958557508306044	0.9117689364095755
CD8_24hr_activation_2	CD8_48hr_activation_2	24hr	48hr	False	538	0.9585159371221562	0.9418048993326323
CD8_24hr_activation_2	CD8_48hr_activation_3	24hr	48hr	False	551	0.954666328348505	0.9096076113995657
CD8_24hr_activation_2	CD8_72hr_activation_1	24hr	72hr	False	538	0.9583945750552294	0.9157114561660111
CD8_24hr_activation_2	CD8_72hr_activation_2	24hr	72hr	False	536	0.9331912767240895	0.8936439256761769
CD8_24hr_activation_2	CD8_72hr_activation_3	24hr	72hr	False	538	0.9404216598815237	0.9135213388623281
CD8_24hr_activation_2	CD8_7day_activation_1	24hr	7day	False	570	0.9319594272752565	0.8859050201172849
CD8_24hr_activation_2	CD8_7day_activation_2	24hr	7day	False	559	0.9438609499345627	0.9161914695527775
CD8_24hr_activation_2	CD8_7day_activation_3	24hr	7day	False	577	0.9443708280287012	0.8975745455415902
CD8_24hr_activation_3	CD8_48hr_activation_1	24hr	48hr	False	547	0.965290813209952	0.9100834576130933
CD8_24hr_activation_3	CD8_48hr_activation_2	24hr	48hr	False	537	0.9698390099367464	0.9277440599716802
CD8_24hr_activation_3	CD8_48hr_activation_3	24hr	48hr	False	553	0.9594105889603386	0.9156601315229138
CD8_24hr_activation_3	CD8_72hr_activation_1	24hr	72hr	False	531	0.9625565495252608	0.9231496317518242
CD8_24hr_activation_3	CD8_72hr_activation_2	24hr	72hr	False	539	0.949140079215354	0.9053448605311285
CD8_24hr_activation_3	CD8_72hr_activation_3	24hr	72hr	False	539	0.935093552436599	0.9032919828789073
CD8_24hr_activation_3	CD8_7day_activation_1	24hr	7day	False	564	0.9469573488556122	0.8931409112356185
CD8_24hr_activation_3	CD8_7day_activation_2	24hr	7day	False	559	0.9441466749124764	0.9170869887061014
CD8_24hr_activation_3	CD8_7day_activation_3	24hr	7day	False	573	0.9522803704919683	0.9098053783202719
CD8_48hr_activation_1	CD8_48hr_activation_2	48hr	48hr	True	538	0.979326635785721	0.9396608692319313
CD8_48hr_activation_1	CD8_48hr_activation_3	48hr	48hr	True	550	0.9585880620263217	0.9121118748272975
CD8_48hr_activation_1	CD8_72hr_activation_1	48hr	72hr	False	533	0.9544162843309426	0.9225526400058374
CD8_48hr_activation_1	CD8_72hr_activation_2	48hr	72hr	False	536	0.9509718976969967	0.9124782674212949
CD8_48hr_activation_1	CD8_72hr_activation_3	48hr	72hr	False	531	0.9309764741937366	0.899638895413499
CD8_48hr_activation_1	CD8_7day_activation_1	48hr	7day	False	555	0.9544104143652148	0.9006681390235652
CD8_48hr_activation_1	CD8_7day_activation_2	48hr	7day	False	548	0.9605757696465325	0.9114195029259393
CD8_48hr_activation_1	CD8_7day_activation_3	48hr	7day	False	560	0.9651225674905313	0.9201558009508328
CD8_48hr_activation_2	CD8_48hr_activation_3	48hr	48hr	True	541	0.9759578424519123	0.920164069435234
CD8_48hr_activation_2	CD8_72hr_activation_1	48hr	72hr	False	529	0.9620341839361545	0.9068224148176297
CD8_48hr_activation_2	CD8_72hr_activation_2	48hr	72hr	False	528	0.9401549413752883	0.8999577506076539
CD8_48hr_activation_2	CD8_72hr_activation_3	48hr	72hr	False	522	0.9407915429439088	0.9198218205309121
CD8_48hr_activation_2	CD8_7day_activation_1	48hr	7day	False	547	0.9609363454984879	0.9163999388374684
CD8_48hr_activation_2	CD8_7day_activation_2	48hr	7day	False	539	0.9527492848299649	0.9055236804229995
CD8_48hr_activation_2	CD8_7day_activation_3	48hr	7day	False	549	0.9693769163398921	0.9216029909949399
CD8_48hr_activation_3	CD8_72hr_activation_1	48hr	72hr	False	540	0.9555705697912923	0.9149590821000735
CD8_48hr_activation_3	CD8_72hr_activation_2	48hr	72hr	False	536	0.9405371723422815	0.8995212662479586
CD8_48hr_activation_3	CD8_72hr_activation_3	48hr	72hr	False	537	0.940134332292822	0.8870426896485629
CD8_48hr_activation_3	CD8_7day_activation_1	48hr	7day	False	561	0.9506702031697973	0.8969808987961542
CD8_48hr_activation_3	CD8_7day_activation_2	48hr	7day	False	556	0.9281076038231019	0.8887011172394871
CD8_48hr_activation_3	CD8_7day_activation_3	48hr	7day	False	569	0.9522845401400846	0.9002042736448566
CD8_72hr_activation_1	CD8_72hr_activation_2	72hr	72hr	True	534	0.9470626272032976	0.9074510289065231
CD8_72hr_activation_1	CD8_72hr_activation_3	72hr	72hr	True	530	0.9530834087910313	0.9037367669264501
CD8_72hr_activation_1	CD8_7day_activation_1	72hr	7day	False	551	0.9416174184500562	0.8960615158159275
CD8_72hr_activation_1	CD8_7day_activation_2	72hr	7day	False	545	0.936093451774521	0.9019414013707167
CD8_72hr_activation_1	CD8_7day_activation_3	72hr	7day	False	553	0.9474840727015647	0.9102256584567666
CD8_72hr_activation_2	CD8_72hr_activation_3	72hr	72hr	True	538	0.9216276256846657	0.9051912445094044
CD8_72hr_activation_2	CD8_7day_activation_1	72hr	7day	False	552	0.9244688935317548	0.8746925778032821
CD8_72hr_activation_2	CD8_7day_activation_2	72hr	7day	False	546	0.9180029503352599	0.8842868543130111
CD8_72hr_activation_2	CD8_7day_activation_3	72hr	7day	False	555	0.9373716879498998	0.901259033321669
CD8_72hr_activation_3	CD8_7day_activation_1	72hr	7day	False	551	0.9253298386849024	0.8689280762915107
CD8_72hr_activation_3	CD8_7day_activation_2	72hr	7day	False	545	0.9166183654738358	0.8949145949538682
CD8_72hr_activation_3	CD8_7day_activation_3	72hr	7day	False	553	0.9350242735104611	0.9005446921485981
CD8_7day_activation_1	CD8_7day_activation_2	7day	7day	True	583	0.9522209880395922	0.9147496090736064
CD8_7day_activation_1	CD8_7day_activation_3	7day	7day	True	599	0.9624702957596107	0.9049137207182778
CD8_7day_activation_2	CD8_7day_activation_3	7day	7day	True	591	0.9613794121621977	0.9155377143284954
