sample	condition	replicate	all_candidate_rows	all_candidate_unique_ME	all_candidate_valid_PSI	all_candidate_NA_PSI	all_candidate_NA_fraction	high_quality_rows	high_quality_unique_ME	high_quality_valid_PSI	high_quality_NA_PSI	high_quality_NA_fraction
CD8_ctrl_1	Ctrl	1	5850	5850	2820	3030	0.517948717948718	656	656	550	106	0.16158536585365854
CD8_ctrl_2	Ctrl	2	5850	5850	3003	2847	0.4866666666666667	656	656	578	78	0.11890243902439024
CD8_ctrl_3	Ctrl	3	5850	5850	2928	2922	0.49948717948717947	656	656	564	92	0.1402439024390244
CD8_30min_activation_1	30min	1	5850	5850	2848	3002	0.5131623931623932	656	656	560	96	0.14634146341463414
CD8_30min_activation_2	30min	2	5850	5850	3007	2843	0.485982905982906	656	656	576	80	0.12195121951219512
CD8_30min_activation_3	30min	3	5850	5850	2951	2899	0.4955555555555556	656	656	575	81	0.12347560975609756
CD8_3hr_activation_1	3hr	1	5850	5850	2804	3046	0.5206837606837607	656	656	560	96	0.14634146341463414
CD8_3hr_activation_2	3hr	2	5850	5850	2895	2955	0.5051282051282051	656	656	564	92	0.1402439024390244
CD8_3hr_activation_3	3hr	3	5850	5850	2826	3024	0.5169230769230769	656	656	554	102	0.15548780487804878
CD8_12hr_activation_1	12hr	1	5850	5850	3178	2672	0.4567521367521368	656	656	581	75	0.11432926829268293
CD8_12hr_activation_2	12hr	2	5850	5850	3129	2721	0.46512820512820513	656	656	582	74	0.11280487804878049
CD8_12hr_activation_3	12hr	3	5850	5850	2979	2871	0.4907692307692308	656	656	549	107	0.16310975609756098
CD8_24hr_activation_1	24hr	1	5850	5850	3214	2636	0.4505982905982906	656	656	604	52	0.07926829268292683
CD8_24hr_activation_2	24hr	2	5850	5850	3192	2658	0.4543589743589744	656	656	591	65	0.09908536585365854
CD8_24hr_activation_3	24hr	3	5850	5850	3190	2660	0.4547008547008547	656	656	586	70	0.10670731707317073
CD8_48hr_activation_1	48hr	1	5850	5850	3126	2724	0.46564102564102566	656	656	572	84	0.12804878048780488
CD8_48hr_activation_2	48hr	2	5850	5850	3083	2767	0.472991452991453	656	656	561	95	0.1448170731707317
CD8_48hr_activation_3	48hr	3	5850	5850	3191	2659	0.45452991452991454	656	656	579	77	0.1173780487804878
CD8_72hr_activation_1	72hr	1	5850	5850	3043	2807	0.4798290598290598	656	656	567	89	0.13567073170731708
CD8_72hr_activation_2	72hr	2	5850	5850	3036	2814	0.48102564102564105	656	656	568	88	0.13414634146341464
CD8_72hr_activation_3	72hr	3	5850	5850	3133	2717	0.46444444444444444	656	656	565	91	0.13871951219512196
CD8_7day_activation_1	7day	1	5850	5850	3350	2500	0.42735042735042733	656	656	611	45	0.06859756097560976
CD8_7day_activation_2	7day	2	5850	5850	3175	2675	0.45726495726495725	656	656	600	56	0.08536585365853659
CD8_7day_activation_3	7day	3	5850	5850	3335	2515	0.42991452991452994	656	656	619	37	0.056402439024390245
