metric	value
high_quality_table_rows	656.0
high_quality_unique_ME	656.0
high_quality_duplicate_rows_flagged	0.0
PSI_table_rows	140400.0
PSI_unique_candidate_ME	5850.0
PSI_sample_count	24.0
PSI_duplicate_sample_ME_rows_flagged	0.0
high_quality_ME_found_in_PSI	656.0
high_quality_ME_missing_entirely_from_PSI	0.0
expected_high_quality_grid_rows	15744.0
observed_high_quality_grid_rows	15744.0
matrix_rows	656.0
matrix_columns	24.0
matrix_valid_PSI_values	13816.0
matrix_NA_PSI_values	1928.0
matrix_NA_fraction	0.12245934959349593
minimum_ME_length	3.0
maximum_ME_length	30.0
