ME	transcripts	n_transcripts	ME_length	U2_score	Mean_conservation	ME_P_value	ME_type	n_testable_timepoints	n_exploratory_timepoints	n_strong_timepoints	n_strong_separated_timepoints	max_abs_delta_PSI	timepoint_of_max_abs_delta	delta_at_max	direction_at_max
4_+_88676217_88676241	ENST00000512194	1	24	86.6775871994	3.767500036	0.0	IN	7	4	2	1	0.22619047619047628	48hr	-0.22619047619047628	decreased
10_-_73439871_73439901	ENST00000394828	1	30	80.0840739397	5.85238240046	0.0	IN	7	7	0	0	0.17224234976736164	12hr	0.17224234976736164	increased
14_-_93076594_93076619	ENST00000555495	1	25	89.7615854444	2.26893107275	0.0	IN	7	0	0	0	0.06107211847249816	7day	-0.06107211847249816	decreased
5_+_57221375_57221396	ENST00000506184	1	21	83.9257347008	0.179679993205	8.03912492131076e-13	IN	7	6	6	6	0.5501264571799517	48hr	-0.5501264571799517	decreased
11_-_75271700_75271724	ENST00000360025	1	24	77.3219698715	4.49396431173	0.0	IN	7	4	2	2	0.21032763532763538	3hr	0.21032763532763538	increased
17_+_30510879_30510909	ENST00000581721	1	30	87.6738200882	5.5912941142	0.0	IN	7	0	0	0	0.06060606060606055	12hr	0.06060606060606055	increased
8_-_54065787_54065813	ENST00000521898	1	26	78.3098840031	3.33233338545	0.0	IN	7	2	0	0	0.12027027027027022	12hr	0.12027027027027022	increased
X_-_154357250_154357274	ENST00000490936	1	24	80.017362106	3.13396425545	0.0	IN	7	6	4	4	0.2388123219217132	24hr	-0.2388123219217132	decreased
9_+_133054943_133054964	ENST00000372097	1	21	83.4347875435	-0.289160006493	6.539213615042172e-14	IN	7	4	0	0	0.18969283131288292	12hr	-0.18969283131288292	decreased
20_+_44478623_44478647	ENST00000262605	1	24	82.475048199	0.249357142419	0.0	IN	0	0	0	0				
4_-_142202739_142202766	ENST00000512630	1	27	83.2235788144	-0.296290325542	0.0	IN	7	7	7	1	0.3905223452696638	12hr	-0.3905223452696638	decreased
3_+_47819235_47819264	ENST00000446256	1	29	76.9176927531	2.68599999673	0.0	IN	7	6	4	1	0.45815217391304347	72hr	-0.45815217391304347	decreased
19_+_47780724_47780749	ENST00000601419	1	25	80.3852010249	1.87844825279	0.0	IN	7	3	1	0	0.2535228121240166	30min	0.2535228121240166	increased
17_+_7578226_7578244	ENST00000582746	1	18	82.2341661144	5.84477266652	2.08477679564112e-12	IN	7	0	0	0	0.004558869359686133	7day	0.004558869359686133	increased
3_-_146536539_146536565	ENST00000487389	1	26	88.1675515173	0.505733333932	0.0	IN	7	1	0	0	0.11633318577670015	48hr	-0.11633318577670015	decreased
17_-_35014739_35014763	ENST00000413582	1	24	85.7226926582	1.96121427548	0.0	IN	7	1	0	0	0.10175438596491226	24hr	-0.10175438596491226	decreased
11_+_67416175_67416202	ENST00000307823	1	27	78.0984922104	0.780645163099	0.0	IN	4	4	3	1	0.3762786596119931	24hr	0.3762786596119931	increased
12_-_57538518_57538524	ENST00000547480	1	6	67.4436459554	5.7904999733	0.0096503156465991	IN	7	1	0	0	0.11336395352943275	48hr	-0.11336395352943275	decreased
12_-_6965910_6965916	ENST00000676496	1	6	80.5139118653	2.66619997025	0.0001113809914561	IN	7	0	0	0	0.00563063063063074	3hr	0.00563063063063074	increased
20_+_62304460_62304485	ENST00000620230	1	25	74.567218154	5.71158608126	0.0	IN	7	0	0	0	0.0402571166947866	72hr	0.0402571166947866	increased
16_+_70550649_70550678	ENST00000302516	1	29	87.4301452172	4.67421211257	0.0	IN	7	6	6	6	0.5363253829300534	24hr	-0.5363253829300534	decreased
14_+_94114850_94114880	ENST00000620396	1	30	86.7474834908	0.501529411358	0.0	IN	0	0	0	0				
19_+_47205103_47205129	ENST00000270225	1	26	85.9342164272	-0.543633331669	0.0	IN	7	1	0	0	0.11004517983923018	3hr	-0.11004517983923018	decreased
16_-_31093311_31093321	ENST00000354895	1	10	80.907937414	2.55264291075	1.72101880491216e-06	IN	7	0	0	0	0.05471956224350203	3hr	-0.05471956224350203	decreased
1_-_156476493_156476514	ENST00000475587	1	21	84.5555548649	4.01780002356	7.17204073907851e-14	IN	7	4	0	0	0.1965718050134703	7day	0.1965718050134703	increased
19_+_41897314_41897326	ENST00000599846	1	12	80.3773761142	3.36668751389	5.90377541298537e-08	IN	7	3	2	2	0.5330263104422446	72hr	-0.5330263104422446	decreased
9_-_137023837_137023840	ENST00000492260	1	3	69.6197374389	2.19657138416	0.0637722049878892	IN	5	3	0	0	0.12731823339443138	24hr	0.12731823339443138	increased
11_-_64015251_64015281	ENST00000545464	1	30	83.087081379	2.67905879196	0.0	IN	7	0	0	0	0.07565257565257555	48hr	-0.07565257565257555	decreased
13_+_75809153_75809183	ENST00000525373	1	30	81.7252957395	4.16676471952	0.0	IN	4	1	0	0	0.19841269841269837	12hr	-0.19841269841269837	decreased
18_-_50285324_50285351	ENST00000589548	1	27	75.9106718754	2.66299998376	0.0	IN	7	0	0	0	0.08768472906403935	12hr	0.08768472906403935	increased
5_+_181233412_181233435	ENST00000503114	1	23	83.5134070351	2.53407408242	0.0	IN	7	0	0	0	0.09754171268217643	24hr	-0.09754171268217643	decreased
4_-_75918760_75918789	ENST00000511606	1	29	88.1064422856	3.32554552049	0.0	IN	5	4	4	0	0.393098759971825	12hr	0.393098759971825	increased
11_+_59145826_59145856	ENST00000682018	1	30	87.5153677755	0.0885294152643	0.0	IN	5	2	0	0	0.15813852813852813	30min	0.15813852813852813	increased
12_+_27674191_27674221	ENST00000537261	1	30	81.197339905	1.65276469422	0.0	IN	0	0	0	0				
12_-_122514711_122514728	ENST00000532695	1	17	74.4906847376	-0.0217619006123	7.6425510364686e-10	IN	7	6	6	5	0.3050934097200119	72hr	-0.3050934097200119	decreased
8_+_22539468_22539498	ENST00000289963	1	30	80.1585808831	5.2993529393	0.0	IN	7	4	2	2	0.3097543477020265	24hr	-0.3097543477020265	decreased
16_+_85802753_85802757	ENST00000567241	1	4	71.7579858152	-0.080500010401	0.0531874346758384	IN	7	0	0	0	0.003636181284795814	3hr	-0.003636181284795814	decreased
17_-_37210466_37210490	ENST00000612120	1	24	79.2726502853	7.5635358159	0.0	IN	0	0	0	0				
16_-_89653903_89653923	ENST00000675909	1	20	89.6347691008	5.10491665748	4.63185045873615e-13	IN	7	7	0	0	0.17908147656006823	3hr	0.17908147656006823	increased
12_+_9650332_9650361	ENST00000803705	1	29	87.8265122789	-0.163757582731	0.0	IN	7	4	0	0	0.169151504796976	7day	-0.169151504796976	decreased
11_-_65662178_65662205	ENST00000534558	1	27	86.9681774761	0.875806458775	0.0	IN	7	0	0	0	0.09967762938891545	72hr	-0.09967762938891545	decreased
11_+_63906087_63906114	ENST00000377810	1	27	85.0829104206	5.41361289832	0.0	IN	7	4	3	3	0.23031812326959353	72hr	0.23031812326959353	increased
3_+_139351030_139351060	ENST00000691070	1	30	84.7514245552	4.95861764049	0.0	IN	7	0	0	0	0.023784240851080565	3hr	-0.023784240851080565	decreased
20_+_2975214_2975241	ENST00000455631	1	27	82.8508099464	3.024483873	0.0	IN	7	3	0	0	0.18590375383853647	3hr	-0.18590375383853647	decreased
6_+_29929018_29929045	ENST00000430151	1	27	88.0820224337	0.0609999902606	0.0	IN	7	1	1	0	0.23809523809523814	30min	-0.23809523809523814	decreased
22_-_41681539_41681559	ENST00000649722	1	20	80.0296997508	-0.303416670416	1.39210865057748e-12	IN	7	6	5	5	0.24385845641423212	24hr	-0.24385845641423212	decreased
5_+_65655635_65655653	ENST00000512009	1	18	79.0581676954	7.43622727828	9.380396459590659e-11	IN	7	7	4	2	0.32684684684684695	72hr	-0.32684684684684695	decreased
4_+_159344035_159344059	ENST00000502485	1	24	83.5345189677	7.80117863789	0.0	IN	0	0	0	0				
5_+_146481446_146481476	ENST00000549332	1	30	74.2663422493	2.20476469178	0.0	IN	7	7	6	5	0.4722738218094255	12hr	-0.4722738218094255	decreased
8_-_140426614_140426641	ENST00000520857	1	27	84.7306276626	5.47270970407	0.0	IN	6	1	1	1	0.40868050137827017	48hr	-0.40868050137827017	decreased
17_-_1543019_1543027	ENST00000576761	1	8	74.5067900897	4.72116679947	0.0003410908434172	IN	7	0	0	0	0.07246376811594202	72hr	-0.07246376811594202	decreased
10_+_90895453_90895483	ENST00000414836	1	30	86.6744793731	4.22988229793	0.0	IN	7	6	6	6	0.4784588437714163	72hr	0.4784588437714163	increased
3_-_112125225_112125254	ENST00000495418	1	29	88.4335942233	0.903909080775	0.0	IN	1	0	0	0	0.0	3hr	0.0	unchanged
2_+_272036_272065	ENST00000439645	1	29	80.5021830138	6.55227276322	0.0	IN	7	0	0	0	0.07134273809261038	24hr	-0.07134273809261038	decreased
19_-_39390259_39390289	ENST00000595564	1	30	81.9727979199	3.12170585223	0.0	IN	7	7	7	7	0.372388995612751	72hr	0.372388995612751	increased
14_+_105468337_105468349	ENST00000552286	1	12	76.3211348453	2.25893748133	4.10366811531837e-07	IN	7	1	0	0	0.12307883082530971	12hr	0.12307883082530971	increased
19_+_39458293_39458305	ENST00000359191	1	12	80.9149832395	4.89081257582	3.55735275681113e-08	IN	7	0	0	0	0.051275430555594026	7day	-0.051275430555594026	decreased
5_-_141588223_141588250	ENST00000518047	1	27	84.5531452352	4.90029032384	0.0	IN	7	4	0	0	0.13497711553483968	12hr	-0.13497711553483968	decreased
4_+_159243773_159243791	ENST00000644474	1	18	75.7141848772	6.16427268223	2.6230609906363603e-09	IN	0	0	0	0				
6_-_32181605_32181632	ENST00000375070	1	27	86.1654089052	0.742096766702	0.0	IN	7	5	3	1	0.43009045870299073	72hr	0.43009045870299073	increased
17_-_15993756_15993778	ENST00000579955	1	22	83.4419738597	2.16053843556	1.67865721323324e-13	IN	7	0	0	0	0.005876894525208676	12hr	-0.005876894525208676	decreased
2_+_101868028_101868037	ENST00000350878	1	9	73.6474250211	3.28100003646	3.15371732318992e-05	IN	7	5	5	3	0.40356603101701144	12hr	0.40356603101701144	increased
1_+_28457831_28457855	ENST00000632421	1	24	78.021873648	1.64300001206	0.0	IN	7	4	3	1	0.34375	48hr	0.34375	increased
11_+_5708576_5708603	ENST00000699057	1	27	84.1402470918	0.616193553613	0.0	IN	7	0	0	0	0.004016064257028162	12hr	-0.004016064257028162	decreased
16_-_70679314_70679323	ENST00000576338	1	9	79.4349511939	3.20399994346	4.46145697541311e-06	IN	5	5	4	4	0.7348039215686275	48hr	-0.7348039215686275	decreased
19_+_1106241_1106266	ENST00000589115	1	25	87.5058612327	3.4354137944	0.0	IN	7	0	0	0	0.023010035335380152	3hr	-0.023010035335380152	decreased
14_+_55061679_55061701	ENST00000554364	1	22	89.7874272332	2.98526924619	5.2513549064769904e-14	IN	7	5	0	0	0.16413296310356595	12hr	0.16413296310356595	increased
14_+_103465423_103465450	ENST00000678619	1	27	86.0423219533	0.521419363359	0.0	IN	7	6	6	6	0.46349206349206346	12hr	-0.46349206349206346	decreased
5_-_132706450_132706459	ENST00000378746	1	9	78.6527070487	4.94092312226	3.58801876582104e-05	IN	0	0	0	0				
12_-_57305639_57305663	ENST00000403821	1	24	81.1253192227	1.1122500005	0.0	IN	7	5	3	2	0.5180144575357004	7day	0.5180144575357004	increased
20_+_58659622_58659634	ENST00000496003	1	12	76.5095074368	5.64750005398	2.2274039173098e-06	IN	7	2	0	0	0.1274232201620943	48hr	-0.1274232201620943	decreased
19_+_45009813_45009822	ENST00000505236	1	9	83.9322951945	2.93900002883	7.22753841964074e-06	IN	7	1	0	0	0.17501977756061238	72hr	-0.17501977756061238	decreased
2_+_69921735_69921765	ENST00000409442	1	30	85.5050937274	4.57444120155	0.0	IN	7	0	0	0	0.008547008547008517	30min	-0.008547008547008517	decreased
3_+_56559568_56559594	ENST00000460838	1	26	90.3026282078	2.54566666372	0.0	IN	7	6	6	6	0.45678873317762214	7day	0.45678873317762214	increased
10_+_6228195_6228218	ENST00000475881	1	23	78.7163876875	5.29733331115	0.0	IN	7	1	0	0	0.10973666057179327	3hr	0.10973666057179327	increased
22_-_29329711_29329720	ENST00000317368	1	9	78.6173374307	1.38200000845	7.28456188681115e-06	IN	7	6	0	0	0.16463542992954755	24hr	-0.16463542992954755	decreased
1_-_173864674_173864704	ENST00000827967	1	30	85.1990026347	-0.683264707708	0.0	IN	7	0	0	0	0.014406713894990566	48hr	0.014406713894990566	increased
3_+_133587158_133587161	ENST00000264993	1	3	79.679532869	2.53942859173	0.0155745279650138	IN	7	4	0	0	0.198647965512755	72hr	-0.198647965512755	decreased
6_-_85538837_85538864	ENST00000369627	1	27	81.1770028004	5.63119358401	0.0	IN	7	6	5	5	0.4542923894704081	48hr	-0.4542923894704081	decreased
17_-_29578961_29578988	ENST00000579937	1	27	73.5176157982	3.72458068017	0.0	IN	7	0	0	0	0.09625483439525184	72hr	0.09625483439525184	increased
5_+_32586491_32586501	ENST00000265073	1	10	76.6929671082	-0.228785707748	6.38874563785308e-06	IN	7	7	6	6	0.6356788245310896	72hr	-0.6356788245310896	decreased
2_-_156326311_156326328	ENST00000417972	1	17	76.8722248282	6.1948572525	6.34671204480242e-11	IN	7	0	0	0	0.08006001737345021	7day	0.08006001737345021	increased
16_+_31183486_31183489	ENST00000380244	1	3	70.8440464648	0.187571423261	0.0693743200766997	IN	7	0	0	0	0.023041374940109098	7day	0.023041374940109098	increased
17_-_41896619_41896649	ENST00000353196	1	30	85.0378086231	3.49570591134	0.0	IN	7	6	1	0	0.25045372050816705	3hr	-0.25045372050816705	decreased
12_-_88130544_88130565	ENST00000675230	1	21	83.8354885328	3.77772001415	3.56381590904675e-14	IN	5	0	0	0	0.08333333333333337	12hr	-0.08333333333333337	decreased
2_-_121409023_121409047	ENST00000700754	1	24	78.7593225211	6.74432129918	0.0	IN	7	6	4	2	0.6280701754385966	72hr	-0.6280701754385966	decreased
1_-_1388491_1388510	ENST00000418865	1	19	85.4610349675	-0.225000005053	2.85438339631128e-13	IN	7	0	0	0	0.0717115739529187	24hr	-0.0717115739529187	decreased
12_-_110499534_110499546	ENST00000549578	1	12	76.7870789012	6.0546874702	6.83168150383828e-07	IN	7	7	7	0	0.4555555555555556	3hr	0.4555555555555556	increased
1_+_28737657_28737682	ENST00000541996	1	25	87.6335120064	6.14379307628	0.0	IN	7	0	0	0	0.06374957717239604	3hr	-0.06374957717239604	decreased
X_+_150712341_150712365	ENST00000542156	1	24	83.7478989178	4.84182134138	0.0	IN	6	3	1	1	0.23535353535353531	48hr	-0.23535353535353531	decreased
10_-_103105357_103105381	ENST00000675645	1	24	85.1793211537	1.2364285783	0.0	IN	7	7	6	6	0.6051996707772135	24hr	-0.6051996707772135	decreased
20_+_49096175_49096200	ENST00000262982	1	25	65.4412989931	-0.0848620721171	0.0	IN	7	0	0	0	0.047756758715662796	12hr	0.047756758715662796	increased
2_-_70289349_70289372	ENST00000480370	1	23	90.6703223787	5.22548148643	0.0	IN	7	0	0	0	0.05449099593529361	72hr	-0.05449099593529361	decreased
1_+_172577538_172577559	ENST00000367723	1	21	85.0388048305	8.1704801321	7.71605002114484e-14	IN	6	0	0	0	0.05128205128205121	24hr	-0.05128205128205121	decreased
7_-_43887789_43887816	ENST00000446958	1	27	80.2261484334	1.45045161295	0.0	IN	7	1	0	0	0.13194444444444453	12hr	-0.13194444444444453	decreased
4_+_27007982_27008006	ENST00000467087	1	24	90.2420468808	1.85003572649	0.0	IN	7	6	4	4	0.4155702483527739	48hr	-0.4155702483527739	decreased
1_-_155203512_155203539	ENST00000541576	1	27	85.1812071359	2.76774194933	0.0	IN	5	0	0	0	0.03448275862068961	30min	0.03448275862068961	increased
5_+_176099020_176099045	ENST00000697525	1	25	79.1589378999	-1.17634481746	0.0	IN	2	0	0	0	0.0	30min	0.0	unchanged
X_-_23734340_23734367	ENST00000336430	1	27	78.2745143851	2.46083869953	0.0	IN	7	2	0	0	0.13436247723132977	72hr	-0.13436247723132977	decreased
1_-_205115857_205115883	ENST00000484379	1	26	87.1135854328	5.61363327503	0.0	IN	0	0	0	0				
17_+_45234831_45234849	ENST00000587856	1	18	76.408273187	2.97649992054	6.942302288592829e-11	IN	7	0	0	0	0.0782913524631951	12hr	0.0782913524631951	increased
11_+_118364677_118364703	ENST00000252108	1	26	87.186883304	0.178566668431	0.0	IN	7	6	5	0	0.5074074074074074	72hr	-0.5074074074074074	decreased
15_+_40854059_40854086	ENST00000564375	1	27	82.3002989559	0.814612910151	0.0	IN	0	0	0	0				
10_+_89013342_89013367	ENST00000355279	1	25	88.083333681	0.134689655926	0.0	IN	0	0	0	0				
1_+_78620943_78620971	ENST00000452835	1	28	87.9394881521	0.0975937442854	0.0	IN	5	4	2	0	0.2727272727272727	30min	-0.2727272727272727	decreased
4_-_82899712_82899737	ENST00000512932	1	25	81.1140416447	0.231551718577	0.0	IN	7	6	5	5	0.6198879551820728	12hr	-0.6198879551820728	decreased
1_+_161339561_161339588	ENST00000432287	1	27	88.8967582647	0.329967741584	0.0	IN	7	6	5	5	0.26809269162210336	12hr	-0.26809269162210336	decreased
14_-_65101545_65101572	ENST00000556892	1	27	82.9296721039	4.22170966287	0.0	IN	7	4	2	2	0.2871071113354938	72hr	-0.2871071113354938	decreased
14_-_21263310_21263336	ENST00000336053	1	26	85.6922657612	4.5563332955	0.0	IN	7	6	6	6	0.6890891870661697	48hr	0.6890891870661697	increased
5_-_177310667_177310697	ENST00000502529	1	30	82.3482361127	4.0488235315	0.0	IN	7	1	0	0	0.15000000000000002	48hr	-0.15000000000000002	decreased
3_+_37337142_37337163	ENST00000356847	1	21	90.4069787986	1.20023998946	4.77395900588817e-14	IN	7	0	0	0	0.07423971377459748	30min	0.07423971377459748	increased
1_+_39436481_39436490	ENST00000567887	1	9	79.806225751	4.6349229933	6.45443336133589e-06	IN	7	4	0	0	0.18427810652924503	24hr	0.18427810652924503	increased
18_+_51049294_51049324	ENST00000714268	1	30	74.4120141584	4.02791173668	0.0	IN	0	0	0	0				
12_-_68316580_68316610	ENST00000303145	1	30	81.0506675313	3.94144116003	0.0	IN	0	0	0	0				
8_+_144242601_144242628	ENST00000527552	1	27	83.8718671301	3.58693544855	0.0	IN	7	5	2	1	0.42401277584204417	72hr	-0.42401277584204417	decreased
11_+_70350993_70351023	ENST00000526074	1	30	77.8037425552	6.14652943271	0.0	IN	7	7	7	5	0.46866296376100297	72hr	-0.46866296376100297	decreased
11_+_62141499_62141511	ENST00000278849	1	12	77.0076962552	2.41393750254	5.02921963296821e-07	IN	6	4	3	0	0.31434468524251813	24hr	-0.31434468524251813	decreased
19_+_35009422_35009443	ENST00000411896	1	21	85.2355387519	4.9659599638	1.86517468137026e-14	IN	7	0	0	0	0.027783908384217404	24hr	0.027783908384217404	increased
17_+_67553609_67553617	ENST00000581923	1	8	70.2648327823	4.41874999801	0.0015299610233264	IN	7	0	0	0	0.0	30min	0.0	unchanged
15_-_50346371_50346395	ENST00000558970	1	24	89.9457305406	0.0847499949991	0.0	IN	7	7	7	5	0.3625371360665479	30min	0.3625371360665479	increased
17_+_42985650_42985656	ENST00000589705	1	6	84.3704391052	2.72819995284	0.0002838518097256	IN	7	4	3	0	0.30242656449553	12hr	0.30242656449553	increased
16_+_19575097_19575122	ENST00000567245	1	25	86.5532698888	5.49989661574	0.0	IN	7	0	0	0	0.0	30min	0.0	unchanged
10_+_78040203_78040225	ENST00000613865	1	22	70.5743680278	3.06865386264	7.23976434358065e-13	IN	7	5	5	5	0.7135487179694643	48hr	-0.7135487179694643	decreased
5_-_151110626_151110644	ENST00000521512	1	18	81.1763301475	2.70659092881	5.4084958733824396e-11	IN	7	1	0	0	0.14184974546550377	3hr	0.14184974546550377	increased
10_+_99750368_99750396	ENST00000471520	1	28	89.8590732734	5.00768751185	0.0	IN	7	3	2	2	0.22956122557916092	72hr	-0.22956122557916092	decreased
8_-_27290155_27290178	ENST00000521253	1	23	90.4711064534	2.90962960875	0.0	IN	7	7	7	7	0.3915495955725842	7day	0.3915495955725842	increased
11_-_5667688_5667711	ENST00000465634	1	23	86.2514403498	0.282518529575	0.0	IN	0	0	0	0				
9_+_128162003_128162007	ENST00000372994	1	4	82.2178947278	0.229499992914	0.0040248246225084	IN	7	4	0	0	0.15158188065709927	48hr	0.15158188065709927	increased
11_-_78441090_78441117	ENST00000695349	1	27	84.1028765445	2.75180642469	0.0	IN	7	5	0	0	0.16923414749501708	30min	-0.16923414749501708	decreased
13_+_25319325_25319350	ENST00000695571	1	25	79.8255155607	3.82996553388	0.0	IN	7	6	6	6	0.8698412698412699	12hr	0.8698412698412699	increased
10_-_26771074_26771089	ENST00000376160	1	15	75.6317721345	6.93647357037	1.81209246497005e-08	IN	7	0	0	0	0.08819603356216626	72hr	-0.08819603356216626	decreased
2_+_237987962_237987992	ENST00000416292	1	30	83.9639779939	3.84073531628	0.0	IN	7	0	0	0	0.027356485203363423	48hr	-0.027356485203363423	decreased
1_-_173865541_173865547	ENST00000690228	1	6	79.7322892853	-0.306699991878	0.0001195629738767	IN	7	0	0	0	0.016164706925729636	48hr	0.016164706925729636	increased
17_-_16151589_16151616	ENST00000460276	1	27	84.1065463339	3.62967741105	0.0	IN	7	4	3	2	0.3998705542823189	72hr	0.3998705542823189	increased
19_-_14152132_14152150	ENST00000593005	1	18	76.1788730306	2.75286358802	2.55881982269557e-11	IN	7	4	2	1	0.3779331010404737	72hr	-0.3779331010404737	decreased
12_-_6330266_6330295	ENST00000698337	1	29	87.0287460312	1.18512121368	0.0	IN	7	0	0	0	0.07493113331568124	3hr	0.07493113331568124	increased
3_-_180986997_180987022	ENST00000469657	1	25	86.3479958309	4.46182757924	0.0	IN	7	0	0	0	0.09272915845688938	12hr	0.09272915845688938	increased
2_+_241324215_241324241	ENST00000469175	1	26	91.3453465154	1.98063335158	0.0	IN	7	0	0	0	0.03905956647892128	72hr	0.03905956647892128	increased
22_+_30023456_30023483	ENST00000351488	1	27	81.8111185765	4.04193550793	0.0	IN	7	5	4	1	0.4352770885028949	48hr	-0.4352770885028949	decreased
1_-_58690225_58690249	ENST00000697255	1	24	76.7479458332	2.00275000477	0.0	IN	7	0	0	0	0.08170533170533167	72hr	0.08170533170533167	increased
15_-_52348817_52348826	ENST00000692556	1	9	84.1642837869	3.67146156384	3.63525899071959e-06	IN	6	5	5	2	0.6088086749851457	48hr	-0.6088086749851457	decreased
8_-_124580550_124580562	ENST00000522162	1	12	75.5988845202	3.21418748796	2.87770711848712e-06	IN	0	0	0	0				
12_+_62566013_62566031	ENST00000552738	1	18	72.2090804214	6.23563635349	5.080014187086589e-11	IN	7	7	5	4	0.6799242424242423	72hr	-0.6799242424242423	decreased
15_-_78294945_78294973	ENST00000558840	1	28	88.4787385937	4.76728120237	0.0	IN	7	1	1	1	0.5769230769230769	30min	-0.5769230769230769	decreased
19_+_2097928_2097955	ENST00000610800	1	27	78.4528908447	1.45264516381	0.0	IN	5	4	1	0	0.41111111111111115	3hr	-0.41111111111111115	decreased
20_-_50945736_50945762	ENST00000683048	1	26	83.2594635653	5.10633337398	0.0	IN	7	0	0	0	0.060547957669289776	3hr	0.060547957669289776	increased
12_-_42322417_42322446	ENST00000679184	1	29	87.9951182434	5.17760607691	0.0	IN	7	7	6	5	0.4367955721679126	12hr	-0.4367955721679126	decreased
17_-_75146665_75146684	ENST00000356033	1	19	92.048668901	2.29826084719	3.6615155352137695e-12	IN	7	0	0	0	0.0	30min	0.0	unchanged
1_+_222648828_222648850	ENST00000495210	1	22	89.625807492	3.01861536725	2.24265050974282e-14	IN	7	0	0	0	0.02819866408101701	30min	-0.02819866408101701	decreased
20_+_32367726_32367729	ENST00000306058	1	3	80.7295864982	2.81042858532	0.0221284781665994	IN	7	0	0	0	0.06575993856695606	24hr	-0.06575993856695606	decreased
17_-_10729030_10729060	ENST00000455996	1	30	83.3864885164	2.38055880664	0.0	IN	0	0	0	0				
10_-_71823887_71823896	ENST00000394936	1	9	86.2295578466	4.07715381109	1.82652353308832e-06	IN	7	5	0	0	0.1909094009388095	48hr	-0.1909094009388095	decreased
17_-_7676381_7676403	ENST00000714358	1	22	85.5652152664	0.777192309785	1.77635683940025e-15	IN	7	1	0	0	0.11500657993195312	30min	-0.11500657993195312	decreased
6_+_31587943_31587966	ENST00000376096	1	23	86.421693888	1.70955556121	0.0	IN	6	6	2	2	0.49612226910257473	72hr	-0.49612226910257473	decreased
6_+_169766637_169766667	ENST00000588451	1	30	83.2645978647	2.37002944179	0.0	IN	7	1	1	0	0.3109890109890111	3hr	-0.3109890109890111	decreased
11_+_64354003_64354028	ENST00000473405	1	25	78.9827582052	2.77696550509	0.0	IN	7	0	0	0	0.04102766073678975	24hr	0.04102766073678975	increased
12_+_105348601_105348626	ENST00000552457	1	25	84.6150718678	2.39817241778	0.0	IN	0	0	0	0				
17_-_1515568_1515585	ENST00000498390	1	17	77.1336100519	-0.342904764427	2.28425722781367e-10	IN	7	0	0	0	0.09250491021324353	72hr	0.09250491021324353	increased
9_+_128609650_128609665	ENST00000358161	1	15	85.7365033275	6.7754737327	3.0968017039612004e-10	IN	7	6	5	5	0.41856747419231943	24hr	-0.41856747419231943	decreased
22_+_17097061_17097086	ENST00000477874	1	25	85.1969165595	1.993068971	0.0	IN	7	0	0	0	0.022222222222222254	7day	-0.022222222222222254	decreased
16_-_67236410_67236434	ENST00000567752	1	24	86.7706942705	3.67485715895	0.0	IN	5	5	5	5	0.563451888613179	12hr	-0.563451888613179	decreased
11_-_47635544_47635571	ENST00000530428	1	27	86.4283906151	2.43429034738	0.0	IN	7	0	0	0	0.06365589638382652	48hr	-0.06365589638382652	decreased
19_-_3017839_3017859	ENST00000587672	1	20	78.5177635264	1.45350002466	4.2813530498619896e-12	IN	3	2	0	0	0.13095238095238093	30min	0.13095238095238093	increased
1_-_32634767_32634792	ENST00000373506	1	25	77.8169912614	6.06731040262	0.0	IN	6	2	1	0	0.2708342374488673	7day	0.2708342374488673	increased
19_+_10808568_10808580	ENST00000359692	1	12	80.4330870942	5.13343752408	2.51029047104723e-07	IN	7	2	0	0	0.1594973449914161	72hr	-0.1594973449914161	decreased
12_-_6549475_6549484	ENST00000396840	1	9	80.5525596015	1.99192306629	2.24528807668545e-06	IN	5	5	3	0	0.5	3hr	0.5	increased
16_-_28905866_28905878	ENST00000357573	1	12	84.0421972996	0.908312502317	2.98412872190568e-09	IN	7	1	0	0	0.12294372294372302	3hr	-0.12294372294372302	decreased
13_-_21425651_21425678	ENST00000542645	1	27	84.3718823287	1.89364513202	0.0	IN	7	0	0	0	0.040740740740740855	48hr	-0.040740740740740855	decreased
14_+_55137369_55137391	ENST00000553755	1	22	90.709374558	2.98765385151	4.20774526332934e-14	IN	0	0	0	0				
11_+_112230207_112230230	ENST00000531673	1	23	85.0496481643	2.67040737499	0.0	IN	7	4	0	0	0.15451740264362263	3hr	-0.15451740264362263	decreased
17_-_8589080_8589108	ENST00000688497	1	28	84.6261578675	2.9803125402	0.0	IN	0	0	0	0				
19_+_18122106_18122127	ENST00000262811	1	21	79.3342959364	1.56660000414	1.65756297576536e-13	IN	6	6	6	1	0.7142857142857143	72hr	0.7142857142857143	increased
10_-_31839304_31839319	ENST00000396144	1	15	91.3475262511	0.829894729547	6.26545815229917e-10	IN	3	2	2	1	0.9824561403508772	24hr	-0.9824561403508772	decreased
19_+_53563762_53563792	ENST00000514374	1	30	87.998775261	0.165088240276	0.0	IN	7	2	0	0	0.1666678618073204	7day	0.1666678618073204	increased
16_+_57062158_57062173	ENST00000538453	1	15	87.9255455065	0.0741578953243	5.74009728637748e-11	IN	7	6	3	3	0.2540006255767367	3hr	-0.2540006255767367	decreased
20_-_63943652_63943669	ENST00000358711	1	17	82.2642524277	3.72885714542	6.48862075181e-11	IN	7	0	0	0	0.06357202074668888	12hr	-0.06357202074668888	decreased
6_-_34247466_34247492	ENST00000637920	1	26	84.4177759833	3.01876667912	0.0	IN	7	1	0	0	0.1960784313725491	30min	-0.1960784313725491	decreased
14_+_39279336_39279358	ENST00000557038	1	22	82.297369936	2.81526922062	4.66293670342566e-14	IN	7	0	0	0	0.009009009009009028	12hr	-0.009009009009009028	decreased
3_+_184180644_184180650	ENST00000382456	1	6	80.2754394105	3.38630001545	0.0001018221405798	IN	7	0	0	0	0.07915782070500749	3hr	-0.07915782070500749	decreased
14_+_52004239_52004242	ENST00000553362	1	3	85.6913802436	5.83285721285	0.0050223987156928	IN	7	0	0	0	0.024668997789479803	7day	-0.024668997789479803	decreased
X_-_48998153_48998180	ENST00000622599	1	27	79.3295192499	4.42741932119	0.0	IN	7	0	0	0	0.06278926028529841	7day	-0.06278926028529841	decreased
9_+_128627924_128627942	ENST00000704206	1	18	76.4172433104	5.99277269095	1.01407660046959e-10	IN	7	5	4	4	0.26165725541014795	3hr	-0.26165725541014795	decreased
19_-_6479986_6479990	ENST00000590173	1	4	80.8189216047	1.98150005098	0.0039686989663591	IN	7	0	0	0	0.07151186075849783	48hr	-0.07151186075849783	decreased
16_+_3067983_3068010	ENST00000548652	1	27	85.1748084195	-0.772580645918	0.0	IN	7	0	0	0	0.0460048749153803	3hr	-0.0460048749153803	decreased
3_+_180915675_180915696	ENST00000305586	1	21	74.921310263	-0.577800000608	1.3394840792102499e-11	IN	2	0	0	0	0.07575757575757569	30min	0.07575757575757569	increased
9_+_131232283_131232308	ENST00000476004	1	25	83.1686256332	2.55634487343	0.0	IN	7	0	0	0	0.08346374543557644	30min	0.08346374543557644	increased
12_-_76049755_76049785	ENST00000431879	1	30	87.0713743396	5.64726471901	0.0	IN	7	0	0	0	0.09262033012705528	12hr	0.09262033012705528	increased
19_+_55343977_55343997	ENST00000255613	1	20	78.87202167	3.85233329795	2.1107493530792e-10	IN	7	0	0	0	0.0	30min	0.0	unchanged
18_+_35972884_35972907	ENST00000592875	1	23	87.9870336377	1.77051853637	2.55906407176099e-13	IN	7	7	6	6	0.4662450006008905	48hr	0.4662450006008905	increased
5_+_176103755_176103780	ENST00000697478	1	25	81.8357214921	-1.20768964393	2.52575738102223e-13	IN	5	0	0	0	0.0	30min	0.0	unchanged
16_+_31182397_31182422	ENST00000487509	1	25	94.0935590257	3.67996552766	5.72875080706581e-14	IN	7	0	0	0	0.0	30min	0.0	unchanged
2_+_169614463_169614493	ENST00000679107	1	30	72.8695020317	5.23291178135	0.0	IN	7	0	0	0	0.03755868544600938	7day	0.03755868544600938	increased
10_-_68073656_68073686	ENST00000395198	1	30	87.7389311785	1.384735287	0.0	IN	7	0	0	0	0.0	30min	0.0	unchanged
5_+_111094919_111094947	ENST00000513710	1	28	86.5623762457	3.43893746752	0.0	IN	7	0	0	0	0.0	30min	0.0	unchanged
15_+_44716328_44716356	ENST00000349264	1	28	88.8715848714	1.20368751429	0.0	IN	7	0	0	0	0.08213970612315957	72hr	0.08213970612315957	increased
15_-_48166120_48166128	ENST00000560157	1	8	75.470880391	6.09625007709	0.0151018665429687	IN	0	0	0	0				
22_-_27897129_27897137	ENST00000320996	1	8	78.4945484895	4.0796666642	0.0061030714457027	IN	7	0	0	0	0.0015151515151514694	24hr	-0.0015151515151514694	decreased
2_-_95901177_95901206	ENST00000295246	1	29	85.0246876358	0.364757575208	0.0	IN	0	0	0	0				
16_+_81693157_81693184	ENST00000398040	1	27	85.7360520541	6.05138716642	0.0	IN	7	0	0	0	0.0	30min	0.0	unchanged
19_+_18433584_18433613	ENST00000270061	1	29	81.3563967538	2.13660605094	0.0	IN	7	0	0	0	0.0868257038469804	72hr	0.0868257038469804	increased
16_-_23478882_23478911	ENST00000569182	1	29	87.3478133632	0.950090889678	0.0	IN	7	0	0	0	0.0	30min	0.0	unchanged
1_+_43958241_43958268	ENST00000372343	1	27	82.4975011799	3.30732259785	0.0	IN	0	0	0	0				
19_+_45070536_45070561	ENST00000221455	1	25	92.8502880018	2.90203450286	1.45439216225896e-14	IN	7	0	0	0	0.0	30min	0.0	unchanged
9_+_130200957_130200982	ENST00000493042	1	25	84.6518591656	2.95148285273	6.88116230662672e-13	IN	0	0	0	0				
8_+_2142374_2142397	ENST00000520779	1	23	79.0701392127	4.87892598521	8.84070594509012e-12	IN	0	0	0	0				
1_+_223757368_223757380	ENST00000433674	1	12	87.8995419405	4.26887497306	5.39503867003077e-06	IN	7	0	0	0	0.0	30min	0.0	unchanged
11_+_118349026_118349050	ENST00000532917	1	24	87.9018536524	0.595357147312	4.24327240011735e-13	IN	7	0	0	0	0.04093081039755353	3hr	-0.04093081039755353	decreased
6_+_144846804_144846827	ENST00000367545	1	23	90.4235652251	2.97585185038	3.12394554669027e-12	IN	7	0	0	0	0.0	30min	0.0	unchanged
1_-_228397142_228397165	ENST00000366699	1	23	77.9018689786	0.86533334734	2.33877361921486e-11	IN	7	0	0	0	0.0	30min	0.0	unchanged
15_-_50578638_50578664	ENST00000561443	1	26	81.8658546356	3.2544333104	1.12576614696991e-13	IN	7	0	0	0	0.039380745041122434	7day	-0.039380745041122434	decreased
20_+_45813436_45813464	ENST00000617055	1	28	87.8539633258	4.77734373184	0.0	IN	0	0	0	0				
15_+_42402123_42402135	ENST00000466369	1	12	79.1897649828	3.32118746673	1.56357102335525e-05	IN	6	6	6	4	0.800358422939068	12hr	-0.800358422939068	decreased
2_+_205766782_205766803	ENST00000467850	1	21	91.3851862946	4.01199996352	8.19189160949918e-12	IN	0	0	0	0				
14_-_75022994_75023018	ENST00000556257	1	24	90.3634223997	4.29428567418	5.8786309153902e-13	IN	0	0	0	0				
11_-_62852655_62852681	ENST00000742653	1	26	85.6961313863	-0.159966674944	2.77555756156289e-15	IN	7	6	2	2	0.22282061643741594	24hr	-0.22282061643741594	decreased
22_+_31192683_31192702	ENST00000326132	1	19	75.9352237035	6.62630436213	2.09419033225799e-08	IN	7	0	0	0	0.0	30min	0.0	unchanged
22_-_41468123_41468147	ENST00000491254	1	24	82.5194134842	5.04839286315	2.39142039504259e-13	IN	7	0	0	0	0.024025581194365153	12hr	0.024025581194365153	increased
19_+_17861292_17861307	ENST00000599898	1	15	81.3010731878	5.82147370828	1.67125131844692e-07	IN	7	2	1	1	0.21979199166849236	7day	0.21979199166849236	increased
10_-_24666984_24667009	ENST00000396432	1	25	83.5038749486	4.41010351428	1.91069382537989e-12	IN	0	0	0	0				
11_+_118307287_118307308	ENST00000528600	1	21	82.7551357256	1.3152799958	5.94505555895353e-11	IN	7	0	0	0	0.0	30min	0.0	unchanged
10_-_114440081_114440089	ENST00000392952	1	8	87.3163987735	3.34941666822	0.0007131815487771	IN	7	0	0	0	0.0	30min	0.0	unchanged
2_+_97207810_97207839	ENST00000461153	1	29	84.9200092332	0.297151525872	0.0	IN	2	0	0	0	0.0	30min	0.0	unchanged
5_-_177740776_177740801	ENST00000515787	1	25	88.3150540638	-0.0763103374248	1.8540724511240105e-14	IN	3	0	0	0	0.0	30min	0.0	unchanged
22_+_17105590_17105602	ENST00000319363	1	12	83.4391427576	0.302312480751	3.82071212789992e-06	IN	7	0	0	0	0.0	30min	0.0	unchanged
22_+_20553144_20553174	ENST00000424287	1	30	82.0991800192	3.72620590557	0.0	IN	7	0	0	0	0.022140903378428334	3hr	0.022140903378428334	increased
3_-_52409713_52409743	ENST00000296288	1	30	75.3638051306	5.99538228529	0.0	IN	7	0	0	0	0.0	30min	0.0	unchanged
11_+_48110057_48110076	ENST00000440289	1	19	83.4459374026	1.1454347858	1.50607052384899e-08	IN	7	0	0	0	0.0	30min	0.0	unchanged
17_-_41620535_41620558	ENST00000311208	1	23	91.1486636815	1.7583333574	2.9343194540842897e-13	IN	0	0	0	0				
6_+_26448616_26448637	ENST00000483179	1	21	80.8792304647	0.330159999728	8.424927422368e-12	IN	6	0	0	0	0.0	30min	0.0	unchanged
1_-_183564004_183564030	ENST00000418089	1	26	86.0655071892	1.4172999993	1.53210777398272e-14	IN	0	0	0	0				
21_+_46000758_46000767	ENST00000361866	1	9	81.1819455214	0.979461562032	0.0004344677939829	IN	7	0	0	0	0.0	30min	0.0	unchanged
1_+_168239130_168239160	ENST00000630869	1	30	89.2039817982	4.62535296085	0.0	IN	7	0	0	0	0.0	30min	0.0	unchanged
2_-_237359361_237359388	ENST00000472056	1	27	80.2061987427	5.02258070823	0.0	IN	2	0	0	0	0.0	24hr	0.0	unchanged
4_-_152644414_152644442	ENST00000705347	1	28	81.9749904275	2.30506247724	0.0	IN	0	0	0	0				
18_-_74260914_74260944	ENST00000494131	1	30	89.8657912871	2.58041180101	0.0	IN	6	0	0	0	0.05129120879120885	12hr	-0.05129120879120885	decreased
12_+_110636480_110636501	ENST00000471804	1	21	91.2159800513	1.72916001346	2.0513812870603897e-11	IN	0	0	0	0				
1_+_42659227_42659251	ENST00000678803	1	24	88.2280476984	5.25828573959	5.04041253179821e-14	IN	7	6	4	3	0.25716695448340443	12hr	0.25716695448340443	increased
1_-_41160874_41160898	ENST00000850937	1	24	87.4183227053	2.20160714989	1.32671651442706e-13	IN	4	0	0	0	0.0	30min	0.0	unchanged
15_-_49028143_49028168	ENST00000559424	1	25	83.6054370102	1.70810343479	4.9849013805669503e-14	IN	7	0	0	0	0.0	30min	0.0	unchanged
3_+_42630545_42630575	ENST00000466553	1	30	78.7856837001	5.2594117611	0.0	IN	7	6	6	4	0.7271177464561169	48hr	0.7271177464561169	increased
19_-_38922237_38922267	ENST00000221431	1	30	80.7409747659	0.951000013334	0.0	IN	7	6	6	5	0.4674434760641658	72hr	0.4674434760641658	increased
19_+_17275800_17275825	ENST00000598188	1	25	74.2028276451	4.24110344258	1.7930101847696298e-12	IN	7	0	0	0	0.039379221911872264	48hr	-0.039379221911872264	decreased
17_-_28350765_28350792	ENST00000618887	1	27	83.527456113	6.18058058043	0.0	IN	7	0	0	0	0.0	30min	0.0	unchanged
10_-_119161054_119161081	ENST00000461438	1	27	83.3931639571	1.74758064233	0.0	IN	7	2	1	1	0.46944444444444444	3hr	-0.46944444444444444	decreased
2_+_42264705_42264731	ENST00000402711	1	26	85.3820323192	4.04583329558	1.33226762955019e-14	IN	7	0	0	0	0.0	30min	0.0	unchanged
11_+_121306458_121306486	ENST00000528991	1	28	77.3403401052	4.865156302	0.0	IN	7	6	6	6	0.496937283685404	24hr	-0.496937283685404	decreased
14_-_52658123_52658150	ENST00000556769	1	27	86.6215143493	3.71525804674	0.0	IN	7	0	0	0	0.0	30min	0.0	unchanged
2_-_73023187_73023214	ENST00000487508	1	27	83.3195936189	3.30206456684	0.0	IN	0	0	0	0				
17_-_64353490_64353518	ENST00000563924	1	28	86.7602809237	2.51396870497	0.0	IN	7	0	0	0	0.0	30min	0.0	unchanged
17_+_27585656_27585661	ENST00000644974	1	5	86.0643449473	3.34088892407	0.0328873667920057	IN	0	0	0	0				
2_+_113632914_113632944	ENST00000409875	1	30	72.213657015	4.65582352307	0.0	IN	7	0	0	0	0.0	30min	0.0	unchanged
6_-_13652658_13652681	ENST00000011619	1	23	90.976724254	5.66737033868	3.82704978818538e-12	IN	7	0	0	0	0.0	30min	0.0	unchanged
3_-_129159153_129159176	ENST00000393292	1	23	89.3813663077	4.0034073525	7.56172902072194e-13	IN	7	0	0	0	0.0	30min	0.0	unchanged
10_-_119159727_119159753	ENST00000461438	1	26	80.0317815687	1.46973334017	1.24789067967868e-13	IN	6	0	0	0	0.0	3hr	0.0	unchanged
6_+_25973053_25973076	ENST00000357085	1	23	90.7151048789	1.64185186227	3.22852855560996e-13	IN	7	0	0	0	0.0	30min	0.0	unchanged
2_+_97250143_97250173	ENST00000652721	1	30	85.95783165	0.76964705788	0.0	IN	7	0	0	0	0.0	30min	0.0	unchanged
19_+_35148693_35148723	ENST00000592174	1	30	85.0252197978	1.96808820612	0.0	IN	2	0	0	0	0.0	30min	0.0	unchanged
2_-_95927380_95927409	ENST00000528268	1	29	86.920236062	0.358030311679	0.0	IN	3	0	0	0	0.0	30min	0.0	unchanged
19_+_41893273_41893303	ENST00000599846	1	30	84.403118112	1.15423529609	0.0	IN	7	0	0	0	0.008592689231958661	24hr	-0.008592689231958661	decreased
11_+_113323993_113324015	ENST00000531164	1	22	81.7214471436	1.23219231301	6.93456403411119e-12	IN	7	0	0	0	0.0	30min	0.0	unchanged
X_-_40729318_40729345	ENST00000482034	1	27	90.3085586217	4.28722585834	0.0	IN	7	0	0	0	0.0	30min	0.0	unchanged
1_-_19770541_19770569	ENST00000489135	1	28	85.6887492344	3.08503122162	0.0	IN	6	0	0	0	0.0	30min	0.0	unchanged
11_+_123584311_123584332	ENST00000456860	1	21	90.5870879778	5.89720009312	7.71082087069885e-11	IN	0	0	0	0				
6_+_26466061_26466088	ENST00000480218	1	27	85.4540444869	1.50516127355	0.0	IN	7	0	0	0	0.0	30min	0.0	unchanged
6_-_135404950_135404977	ENST00000680840	1	27	86.2276463205	1.38722579626	0.0	IN	0	0	0	0				
2_-_174380803_174380814	ENST00000342016	1	11	71.0754092347	2.5245333638	0.0002294203486631	IN	7	0	0	0	0.0	30min	0.0	unchanged
2_+_97217176_97217205	ENST00000461153	1	29	83.6845801493	0.364393931672	0.0	IN	6	0	0	0	0.0	30min	0.0	unchanged
6_+_26411108_26411135	ENST00000414912	1	27	86.7226634531	-0.0623870946227	0.0	IN	3	0	0	0	0.0	30min	0.0	unchanged
17_-_3881626_3881648	ENST00000348335	1	22	84.387114935	5.11692314767	4.91739982066974e-12	IN	0	0	0	0				
11_+_5706593_5706616	ENST00000460454	1	23	83.4629282723	0.607555552006	8.46467340664958e-12	IN	7	0	0	0	0.003215434083601365	30min	-0.003215434083601365	decreased
6_-_43568710_43568737	ENST00000265351	1	27	86.1467917483	2.53222581107	0.0	IN	6	0	0	0	0.0	30min	0.0	unchanged
2_+_97189086_97189115	ENST00000461153	1	29	86.8904690459	0.414424231389	0.0	IN	3	0	0	0	0.0	30min	0.0	unchanged
2_-_168074981_168075011	ENST00000697205	1	30	82.8755448381	3.41061767613	0.0	IN	7	0	0	0	0.0	30min	0.0	unchanged
1_+_246641748_246641770	ENST00000366512	1	22	90.2257031202	2.81599995838	9.05320263200338e-12	IN	7	0	0	0	0.0	30min	0.0	unchanged
2_+_97204067_97204096	ENST00000461153	1	29	84.9200092332	0.391363625612	0.0	IN	3	0	0	0	0.0	30min	0.0	unchanged
5_-_39139232_39139252	ENST00000351578	1	20	84.9381964032	1.91762502243	9.10166386702826e-11	IN	7	0	0	0	0.0	30min	0.0	unchanged
19_+_582305_582330	ENST00000545507	1	25	78.9537404733	2.04082757851	2.34257058195908e-13	IN	7	0	0	0	0.0	30min	0.0	unchanged
5_+_139276120_139276150	ENST00000504203	1	30	88.3047173483	0.357617651167	0.0	IN	7	0	0	0	0.0	30min	0.0	unchanged
2_+_97202201_97202230	ENST00000461153	1	29	84.9452337141	0.296939396807	0.0	IN	4	0	0	0	0.0	30min	0.0	unchanged
5_+_176097354_176097379	ENST00000697478	1	25	88.3150540638	-0.364344825519	1.8540724511240105e-14	IN	2	0	0	0	0.0	30min	0.0	unchanged
22_-_36327460_36327488	ENST00000691687	1	28	87.3294644159	5.9051563465	0.0	IN	7	0	0	0	0.0	30min	0.0	unchanged
13_-_49732746_49732776	ENST00000261667	1	30	88.2119976912	6.04111773126	0.0	IN	7	0	0	0	0.0	30min	0.0	unchanged
21_-_39348421_39348451	ENST00000485550	1	30	78.9768575925	3.07829414826	0.0	IN	7	0	0	0	0.05911878950932625	24hr	0.05911878950932625	increased
8_+_17184788_17184815	ENST00000262096	1	27	90.2372914808	3.87019353336	0.0	IN	7	0	0	0	0.0	30min	0.0	unchanged
6_+_26409893_26409914	ENST00000414912	1	21	79.9770625387	0.538479988724	1.1407874644930898e-11	IN	7	2	1	1	0.3449167779596085	48hr	-0.3449167779596085	decreased
13_-_75537663_75537675	ENST00000486516	1	12	84.2846588411	2.47568749078	2.15632800346643e-05	IN	7	0	0	0	0.0037174721189591198	7day	-0.0037174721189591198	decreased
6_-_136705109_136705133	ENST00000698928	1	24	85.4716569219	4.63789289338	2.88247203883429e-12	IN	6	0	0	0	0.0	30min	0.0	unchanged
12_+_123652706_123652735	ENST00000536375	1	29	84.9007832829	2.58824243622	0.0	IN	7	0	0	0	0.0	30min	0.0	unchanged
22_+_40251178_40251200	ENST00000335727	1	22	91.6580832477	5.48357686171	1.9929502492743697e-11	IN	2	0	0	0	0.0	30min	0.0	unchanged
22_-_41607839_41607861	ENST00000263256	1	22	86.7045401426	5.42984612057	2.25334195746996e-11	IN	7	0	0	0	0.0	30min	0.0	unchanged
17_-_48363788_48363814	ENST00000584709	1	26	87.5243464135	2.518466643	2.95430346852754e-13	IN	7	0	0	0	0.0	30min	0.0	unchanged
17_-_75937565_75937593	ENST00000636174	1	28	87.4428234457	1.42196874088	0.0	IN	0	0	0	0				
16_-_934243_934254	ENST00000562226	1	11	90.2710901565	2.63186664581	6.84678346017931e-05	IN	6	1	0	0	0.1525346634042286	7day	-0.1525346634042286	decreased
X_-_80809012_80809042	ENST00000478415	1	30	83.4574917049	3.48941176516	0.0	IN	7	0	0	0	0.0	30min	0.0	unchanged
2_-_11218454_11218466	ENST00000401753	1	12	83.286395222	1.2310000048	6.93338598256599e-06	IN	2	2	2	2	0.7142857142857143	24hr	0.7142857142857143	increased
19_+_6833710_6833733	ENST00000599806	1	23	82.4389846416	1.54811110782	3.08308933938406e-13	IN	7	0	0	0	0.0	30min	0.0	unchanged
11_-_62852810_62852839	ENST00000656240	1	29	90.0313107117	0.0212424221434	0.0	IN	7	1	0	0	0.10683523469977044	48hr	0.10683523469977044	increased
19_-_3963642_3963669	ENST00000545797	1	27	79.3913649939	5.72261291959	0.0	IN	7	0	0	0	0.0	30min	0.0	unchanged
11_-_2951779_2951809	ENST00000448187	1	30	85.9599943565	1.89297056992	0.0	IN	7	0	0	0	0.0	30min	0.0	unchanged
11_+_5641166_5641189	ENST00000429814	1	23	84.9303970363	1.42592594097	4.50184334255255e-12	IN	0	0	0	0				
19_+_17776246_17776271	ENST00000596951	1	25	80.1134237407	2.04658622462	7.61612994892857e-14	IN	7	0	0	0	0.09195402298850575	24hr	0.09195402298850575	increased
7_+_36426014_36426036	ENST00000265748	1	22	93.7034289031	3.42911538252	1.7650325645490698e-12	IN	0	0	0	0				
5_-_39130589_39130612	ENST00000351578	1	23	84.0917011415	2.16051850965	4.7136738956510295e-12	IN	7	0	0	0	0.0	30min	0.0	unchanged
3_-_12600387_12600415	ENST00000465826	1	28	85.4342267724	3.47368748835	0.0	IN	7	3	0	0	0.18818307389264088	72hr	-0.18818307389264088	decreased
6_-_35870933_35870959	ENST00000373825	1	26	86.1636378699	5.2431665546	1.47659662275146e-14	IN	7	0	0	0	0.0	30min	0.0	unchanged
3_-_15695187_15695214	ENST00000451422	1	27	81.8215957828	6.43235488669	0.0	IN	7	0	0	0	0.0	30min	0.0	unchanged
9_+_79654058_79654075	ENST00000376537	1	17	80.6505540488	5.3130476049	1.69689518214611e-07	IN	7	0	0	0	0.0	30min	0.0	unchanged
11_+_5642816_5642843	ENST00000429814	1	27	86.0172507351	0.95706450822	0.0	IN	4	1	0	0	0.125	24hr	-0.125	decreased
21_-_46213024_46213052	ENST00000457828	1	28	90.7278639961	5.2487499945	0.0	IN	7	0	0	0	0.0	30min	0.0	unchanged
22_+_44193800_44193823	ENST00000444313	1	23	73.7024037461	0.465000003576	5.2131743366601294e-11	IN	7	0	0	0	0.0	30min	0.0	unchanged
11_+_35735425_35735445	ENST00000532066	1	20	89.5107412864	2.3209583452	1.61643953777713e-09	IN	7	0	0	0	0.0	30min	0.0	unchanged
22_-_50267256_50267286	ENST00000395764	1	30	76.603291418	3.30461766658	0.0	IN	5	0	0	0	0.0	30min	0.0	unchanged
17_-_64390488_64390515	ENST00000569967	1	27	84.1802145899	1.3492258076	0.0	IN	7	0	0	0	0.0	30min	0.0	unchanged
9_-_127953574_127953604	ENST00000373095	1	30	83.7735108126	5.63582342575	0.0	IN	7	0	0	0	0.0010822510822511289	3hr	-0.0010822510822511289	decreased
16_-_67738012_67738035	ENST00000448631	1	23	84.5447157884	6.09507404475	5.5943027987837e-12	IN	6	0	0	0	0.0	3hr	0.0	unchanged
1_-_40312455_40312479	ENST00000496215	1	24	84.2158651895	1.61739286009	7.74935671188359e-14	IN	5	1	1	0	0.42324561403508776	3hr	0.42324561403508776	increased
6_+_32179540_32179559	ENST00000375094	1	19	80.1785476029	4.9412173875	6.69509891970677e-10	IN	7	0	0	0	0.0	30min	0.0	unchanged
12_-_96017556_96017580	ENST00000228740	1	24	89.0358696801	3.39942856027	1.30895294603306e-13	IN	7	0	0	0	0.0	30min	0.0	unchanged
21_+_46003119_46003149	ENST00000498614	1	30	84.2804356032	3.53420588056	0.0	IN	7	0	0	0	0.0	30min	0.0	unchanged
4_+_112254746_112254773	ENST00000274000	1	27	88.1229733673	5.73654838195	0.0	IN	7	0	0	0	0.0	30min	0.0	unchanged
1_+_51748368_51748398	ENST00000481937	1	30	85.6501440712	4.33970592346	0.0	IN	7	0	0	0	0.0	30min	0.0	unchanged
11_-_62602758_62602779	ENST00000529309	1	21	81.8616271404	3.14116003066	1.04378727883159e-11	IN	7	0	0	0	0.02788780205765836	48hr	0.02788780205765836	increased
10_+_97452894_97452923	ENST00000352634	1	29	71.6664284	5.83490908688	0.0	IN	7	7	7	0	0.5	30min	0.5	increased
2_-_95938986_95939015	ENST00000528268	1	29	79.8828655998	0.598575757083	0.0	IN	0	0	0	0				
1_+_198704471_198704498	ENST00000367367	1	27	86.5670507571	0.119096766556	0.0	IN	7	0	0	0	0.08556160093972731	72hr	0.08556160093972731	increased
22_+_44140123_44140143	ENST00000338758	1	20	86.7554574069	5.07208326148	3.0215985269421703e-10	IN	0	0	0	0				
6_+_138788365_138788388	ENST00000617445	1	23	78.86480981	5.7017407627	3.18085557893255e-11	IN	7	0	0	0	0.0	30min	0.0	unchanged
7_+_73202111_73202140	ENST00000544802	1	29	79.5710356716	3.90721214879	0.0	IN	7	0	0	0	0.0	30min	0.0	unchanged
22_+_23697837_23697861	ENST00000452208	1	24	85.1510569632	0.206928568227	1.33448807559944e-13	IN	6	0	0	0	0.0	30min	0.0	unchanged
10_+_102862159_102862180	ENST00000299353	1	21	83.144674084	6.09963994265	3.5753067173516196e-11	IN	7	0	0	0	0.0	30min	0.0	unchanged
6_+_96524381_96524410	ENST00000369278	1	29	87.6463136965	4.3617272946	0.0	IN	7	0	0	0	0.0	30min	0.0	unchanged
8_-_30712061_30712088	ENST00000546342	1	27	89.7468168834	5.08809668835	0.0	IN	7	0	0	0	0.0	30min	0.0	unchanged
16_+_67539727_67539751	ENST00000042381	1	24	81.8542066728	3.19560716986	2.75224287804576e-13	IN	7	0	0	0	0.0	30min	0.0	unchanged
17_+_82889667_82889697	ENST00000539345	1	30	83.3652744087	5.15029411544	0.0	IN	7	0	0	0	0.003968253968253954	24hr	-0.003968253968253954	decreased
6_+_26448727_26448754	ENST00000483179	1	27	78.377345121	-0.0056774204657	0.0	IN	7	3	1	1	0.24082205272681462	48hr	0.24082205272681462	increased
1_-_21680807_21680834	ENST00000400301	1	27	94.6179727896	5.4951291327	0.0	IN	7	0	0	0	0.0	30min	0.0	unchanged
11_-_65551547_65551564	ENST00000528516	1	17	80.4257900882	1.10766666844	4.7695375426926e-09	IN	7	0	0	0	0.0	30min	0.0	unchanged
14_-_70585755_70585783	ENST00000615788	1	28	73.5056570528	5.1532499576	0.0	IN	7	0	0	0	0.0	30min	0.0	unchanged
13_+_75840084_75840110	ENST00000715261	1	26	76.2183083667	2.9802333453	2.91322521661641e-13	IN	5	5	4	3	0.43731884057971016	12hr	0.43731884057971016	increased
6_-_32518053_32518077	ENST00000714490	1	24	84.9736043369	0.759214277645	1.14908083048704e-13	IN	5	0	0	0	0.0	3hr	0.0	unchanged
1_-_54228448_54228477	ENST00000528930	1	29	90.5320751944	4.86475757713	0.0	IN	4	0	0	0	0.0	24hr	0.0	unchanged
2_+_15596733_15596763	ENST00000679227	1	30	79.8457547475	6.75173525688	0.0	IN	7	0	0	0	0.0	30min	0.0	unchanged
3_-_194437555_194437573	ENST00000642744	1	18	82.3052842499	3.21849999848	1.77097492226608e-09	IN	7	1	1	0	0.21952380952380957	30min	-0.21952380952380957	decreased
6_+_33086218_33086242	ENST00000418931	1	24	83.5117083738	0.265714281239	1.31228361510694e-13	IN	6	0	0	0	0.0	30min	0.0	unchanged
3_-_12915103_12915133	ENST00000613206	1	30	75.765727964	5.44452939095	0.0	IN	7	0	0	0	0.0	30min	0.0	unchanged
7_-_105145282_105145308	ENST00000482897	1	26	79.7907079058	4.77863340185	1.51323398256409e-13	IN	7	0	0	0	0.0	30min	0.0	unchanged
15_+_75354249_75354277	ENST00000569035	1	28	81.977153134	4.91993751819	0.0	IN	0	0	0	0				
17_+_82909284_82909307	ENST00000539345	1	23	90.8277316538	2.56437040921	1.01774144667388e-12	IN	7	6	0	0	0.1857142857142856	30min	0.1857142857142856	increased
2_+_97196592_97196621	ENST00000461153	1	29	84.9452337141	0.358545452356	0.0	IN	6	0	0	0	0.0	30min	0.0	unchanged
1_+_108606222_108606252	ENST00000370035	1	30	87.2777595518	5.64588218423	0.0	IN	6	0	0	0	0.0	30min	0.0	unchanged
18_-_23377645_23377671	ENST00000581444	1	26	87.992440404	2.050300017	4.42978986825437e-14	IN	0	0	0	0				
20_+_41029430_41029455	ENST00000361337	1	25	90.699936132	3.75037931407	6.222800053023999e-13	IN	7	0	0	0	0.0	30min	0.0	unchanged
5_-_141571427_141571436	ENST00000389054	1	9	84.0360412491	3.27646160584	0.0070381618910195	IN	7	0	0	0	0.0	30min	0.0	unchanged
12_+_132574318_132574348	ENST00000537804	1	30	84.9569370217	0.752558818087	0.0	IN	7	3	0	0	0.1823244053127529	12hr	-0.1823244053127529	decreased
6_+_37534932_37534957	ENST00000829675	1	25	87.3747705637	1.27631034175	2.75335310107039e-14	IN	4	0	0	0	0.0	30min	0.0	unchanged
1_-_37943639_37943669	ENST00000491406	1	30	79.201131964	2.2043235634	0.0	IN	5	0	0	0	0.0	30min	0.0	unchanged
15_+_78890988_78891014	ENST00000426013	1	26	85.7170772843	4.96903338134	3.23074900165921e-14	IN	7	0	0	0	0.08333659572234217	3hr	-0.08333659572234217	decreased
4_-_67681562_67681591	ENST00000429659	1	29	89.5915490283	3.4995757119	0.0	IN	7	0	0	0	0.0	30min	0.0	unchanged
14_-_35109818_35109847	ENST00000554361	1	29	77.8611479391	5.27081809261	-inf	IN	7	0	0	0	0.08593515464422563	48hr	0.08593515464422563	increased
4_+_25388716_25388743	ENST00000505991	1	27	85.2238056432	4.94490325547	0.0	IN	7	0	0	0	0.0	30min	0.0	unchanged
19_+_35752803_35752833	ENST00000591613	1	30	86.0266040152	1.63123528659	0.0	IN	7	0	0	0	0.0	30min	0.0	unchanged
X_+_134490187_134490205	ENST00000462974	1	18	86.7603490404	5.74127278545	2.9685450764205302e-09	IN	7	0	0	0	0.0	30min	0.0	unchanged
6_-_79208546_79208576	ENST00000706660	1	30	81.4486523656	4.12905878727	0.0	IN	7	0	0	0	0.0	30min	0.0	unchanged
21_+_43685769_43685789	ENST00000340648	1	20	88.8438741295	1.82445833145	4.45969927653778e-11	IN	7	0	0	0	0.0	30min	0.0	unchanged
2_+_97144517_97144546	ENST00000461153	1	29	80.5065552572	0.545787890159	0.0	IN	2	0	0	0	0.0	30min	0.0	unchanged
6_+_26373275_26373296	ENST00000508906	1	21	79.9769561063	0.750440007485	1.2193579479458099e-11	IN	7	5	2	2	0.31137254901960787	7day	-0.31137254901960787	decreased
16_+_1758147_1758159	ENST00000567849	1	12	79.8395220657	6.70156258345	0.0001304155677529	IN	7	0	0	0	0.0	30min	0.0	unchanged
1_-_154947981_154948005	ENST00000498553	1	24	80.8828576812	1.1202499954	2.02837746599016e-13	IN	7	0	0	0	0.0	30min	0.0	unchanged
4_+_140527465_140527494	ENST00000502397	1	29	85.4101900772	3.07354543516	0.0	IN	0	0	0	0				
6_+_36136018_36136048	ENST00000373759	1	30	78.0058066116	5.42785292338	0.0	IN	0	0	0	0				
4_+_141224486_141224506	ENST00000512809	1	20	85.8792675032	6.6453747501	6.528377838321829e-11	IN	7	0	0	0	0.0	30min	0.0	unchanged
2_+_173190894_173190923	ENST00000539448	1	29	87.6070103366	3.96254544276	0.0	IN	0	0	0	0				
X_+_47566883_47566911	ENST00000377045	1	28	81.825563583	1.16909374623	0.0	IN	7	0	0	0	0.0	30min	0.0	unchanged
1_+_66984571_66984592	ENST00000371014	1	21	79.5416092393	3.02571999282	2.41836328740419e-10	IN	7	3	1	1	0.41510910450024197	72hr	0.41510910450024197	increased
2_-_191058201_191058219	ENST00000714287	1	18	89.6573498007	3.09890908545	1.84738668806972e-10	IN	7	0	0	0	0.0	30min	0.0	unchanged
2_+_27772673_27772692	ENST00000296102	1	19	73.588623244	5.62600006746	6.77149292194201e-09	IN	7	0	0	0	0.0	30min	0.0	unchanged
5_-_177747768_177747793	ENST00000503845	1	25	77.4629672691	-0.0928620675514	1.5683010445855e-12	IN	1	0	0	0	0.023471519544916775	30min	0.023471519544916775	increased
18_+_58714082_58714109	ENST00000650045	1	27	84.3560749873	1.96680644635	0.0	IN	7	0	0	0	0.0	30min	0.0	unchanged
21_+_45990257_45990284	ENST00000361866	1	27	83.3964037596	3.8879678009	0.0	IN	7	0	0	0	0.0	30min	0.0	unchanged
7_+_74700605_74700634	ENST00000650807	1	29	87.6049455479	2.87563634077	0.0	IN	7	0	0	0	0.0	30min	0.0	unchanged
11_+_3808293_3808315	ENST00000495026	1	22	86.6143110038	1.50034616658	5.35471667006959e-12	IN	7	0	0	0	0.006802721088435271	24hr	-0.006802721088435271	decreased
2_-_95880594_95880623	ENST00000534304	1	29	81.5977684274	0.634636369393	0.0	IN	4	0	0	0	0.0	30min	0.0	unchanged
7_-_32488624_32488652	ENST00000450169	1	28	71.2363903815	5.60149992444	0.0	IN	7	0	0	0	0.044467993340793543	48hr	0.044467993340793543	increased
21_+_46116650_46116677	ENST00000397763	1	27	81.1724134349	2.84996776139	0.0	IN	7	0	0	0	0.0	30min	0.0	unchanged
6_+_26374770_26374798	ENST00000508906	1	28	85.7434682644	0.481312510965	0.0	IN	7	0	0	0	0.0	30min	0.0	unchanged
12_+_123652531_123652561	ENST00000536375	1	30	74.7579280011	3.91661764643	0.0	IN	7	0	0	0	0.03964818250532531	48hr	-0.03964818250532531	decreased
8_-_144401645_144401673	ENST00000620219	1	28	87.9354266914	0.716656238539	0.0	IN	7	0	0	0	0.0	30min	0.0	unchanged
15_-_73563235_73563257	ENST00000565325	1	22	75.006673312	6.15338464568	3.77650133387419e-10	IN	0	0	0	0				
22_+_46663837_46663863	ENST00000456069	1	26	78.0125629409	2.75593330835	7.460698725481052e-14	IN	7	0	0	0	0.0	30min	0.0	unchanged
3_+_108651136_108651162	ENST00000463306	1	26	83.1476243903	1.67243331981	7.7937656328686e-14	IN	0	0	0	0				
3_+_127674390_127674418	ENST00000483857	1	28	81.8916836526	4.52668752987	0.0	IN	6	1	0	0	0.12044479307255677	72hr	0.12044479307255677	increased
12_+_56117188_56117211	ENST00000358888	1	23	75.0133785538	6.46803699158	6.06281691517552e-12	IN	7	3	0	0	0.16237724094866945	30min	-0.16237724094866945	decreased
6_-_30190012_30190035	ENST00000454678	1	23	85.2405751335	1.57403703641	3.879563337250149e-12	IN	7	0	0	0	0.0	30min	0.0	unchanged
1_+_209763362_209763392	ENST00000367026	1	30	89.67508144	2.41644116447	0.0	IN	7	0	0	0	0.0	30min	0.0	unchanged
17_-_39439164_39439193	ENST00000394287	1	29	86.85024611	4.54287876234	0.0	IN	7	0	0	0	0.0	30min	0.0	unchanged
12_-_76053090_76053110	ENST00000431879	1	20	84.1736881546	4.67754168808	1.17035381386188e-10	IN	7	0	0	0	0.0	30min	0.0	unchanged
2_+_189665421_189665451	ENST00000425590	1	30	83.9630328741	3.55991177195	0.0	IN	7	1	0	0	0.11315524274804473	72hr	0.11315524274804473	increased
4_+_2511955_2511965	ENST00000511600	1	10	81.01667302	2.91085720807	0.0015383255072859	IN	7	0	0	0	0.0	30min	0.0	unchanged
8_+_22080617_22080625	ENST00000432128	1	8	86.8920527602	1.79558334996	0.000145163770028	IN	5	0	0	0	0.0	30min	0.0	unchanged
7_-_103277613_103277638	ENST00000691976	1	25	85.1068193969	2.66279310942	9.30366894635881e-14	IN	0	0	0	0				
10_-_93340152_93340164	ENST00000463743	1	12	74.7942427389	3.50018748455	0.0001984229492562	IN	0	0	0	0				
19_+_35614034_35614059	ENST00000203166	1	25	84.0369778543	2.06213792895	5.21804821573824e-14	IN	7	0	0	0	0.03667273831208251	12hr	-0.03667273831208251	decreased
8_-_143839171_143839195	ENST00000533846	1	24	77.5667814405	2.40046427638	3.08753023148256e-13	IN	3	0	0	0	0.0	30min	0.0	unchanged
16_-_190540_190570	ENST00000293872	1	30	85.309539077	3.49311766374	0.0	IN	7	0	0	0	0.0	30min	0.0	unchanged
1_+_209763067_209763092	ENST00000367026	1	25	90.635101766	2.3463102985	8.88178419700125e-15	IN	7	0	0	0	0.0	30min	0.0	unchanged
1_+_32204597_32204620	ENST00000680046	1	23	72.732540551	5.08770371366	1.0723644194854398e-11	IN	7	0	0	0	0.0	30min	0.0	unchanged
2_+_97198462_97198491	ENST00000461153	1	29	84.9200092332	0.474181832463	0.0	IN	3	0	0	0	0.0	30min	0.0	unchanged
21_+_45987154_45987175	ENST00000361866	1	21	85.7341533	2.41872002721	3.22197823976467e-12	IN	7	0	0	0	0.0	30min	0.0	unchanged
12_-_121255782_121255804	ENST00000412367	1	22	85.3894059565	4.11419227683	1.0049960863511798e-11	IN	6	0	0	0	0.0	30min	0.0	unchanged
5_+_140659314_140659333	ENST00000515015	1	19	87.1726596769	3.2721304244	5.6938453951715896e-11	IN	7	0	0	0	0.0	30min	0.0	unchanged
6_-_15593058_15593081	ENST00000510395	1	23	91.8262081377	3.8821111189	2.62011523588512e-11	IN	7	0	0	0	0.0	30min	0.0	unchanged
5_-_39124252_39124278	ENST00000351578	1	26	83.7263059108	1.92726663773	4.51860771022439e-14	IN	7	0	0	0	0.0	30min	0.0	unchanged
17_-_44196395_44196418	ENST00000454077	1	23	84.9576863059	4.74925927928	4.7661874447158e-13	IN	7	0	0	0	0.0	30min	0.0	unchanged
3_-_47126647_47126663	ENST00000412450	1	16	74.6858690032	3.88384991288	7.65385116308082e-06	IN	6	0	0	0	0.0	30min	0.0	unchanged
12_-_56664775_56664800	ENST00000456859	1	25	88.8251292536	5.44610347008	2.26485497023532e-14	IN	7	0	0	0	0.0	30min	0.0	unchanged
20_-_33672397_33672422	ENST00000488489	1	25	84.5222628075	2.82172415765	1.40665257220007e-13	IN	4	1	0	0	0.11111111111111116	24hr	-0.11111111111111116	decreased
21_+_45488417_45488444	ENST00000355480	1	27	81.9627975307	0.6742580652	0.0	IN	4	0	0	0	0.0	30min	0.0	unchanged
6_+_36073690_36073720	ENST00000468133	1	30	86.4584471273	3.3560588121	0.0	IN	7	0	0	0	0.0	30min	0.0	unchanged
10_+_12238456_12238485	ENST00000281141	1	29	88.8453173529	4.8857575357	0.0	IN	7	0	0	0	0.0	30min	0.0	unchanged
22_-_50506637_50506666	ENST00000507607	1	29	81.9031911246	3.51742426145	0.0	IN	7	0	0	0	0.0	30min	0.0	unchanged
19_-_45638844_45638873	ENST00000588308	1	29	80.9827338535	3.28939394608	0.0	IN	7	0	0	0	0.0	30min	0.0	unchanged
2_-_152690961_152690978	ENST00000698772	1	17	86.2969891634	2.02804761841	2.15741253750679e-08	IN	7	0	0	0	0.0025062656641603454	7day	-0.0025062656641603454	decreased
17_+_75573951_75573980	ENST00000577500	1	29	82.6370468395	0.832999991309	0.0	IN	5	0	0	0	0.0	30min	0.0	unchanged
1_+_66940027_66940052	ENST00000371014	1	25	87.941842437	4.00582757901	1.6286971771250998e-13	IN	7	0	0	0	0.0	30min	0.0	unchanged
6_+_26450106_26450133	ENST00000483179	1	27	85.7434682644	0.545290333609	0.0	IN	5	0	0	0	0.0	3hr	0.0	unchanged
12_+_75498693_75498720	ENST00000266659	1	27	78.0304648721	1.7577096794	0.0	IN	0	0	0	0				
1_-_173864483_173864502	ENST00000703037	1	19	74.9023056921	-0.0811304363382	1.04199049388853e-09	IN	7	0	0	0	0.006673654862198331	7day	0.006673654862198331	increased
17_+_43180794_43180817	ENST00000542611	1	23	87.2423601327	4.66214813458	2.64055444176847e-12	IN	7	0	0	0	0.0	30min	0.0	unchanged
12_+_19518086_19518113	ENST00000398731	1	27	85.0367826147	5.60645158445	0.0	IN	7	0	0	0	0.0	30min	0.0	unchanged
10_-_103333924_103333952	ENST00000647574	1	28	81.128627142	3.54534378275	0.0	IN	0	0	0	0				
11_+_58584855_58584884	ENST00000389919	1	29	90.2704345329	2.24506062884	0.0	IN	7	0	0	0	0.0	30min	0.0	unchanged
15_+_78541904_78541930	ENST00000560217	1	26	91.3635890302	1.65026667273	1.88737914186277e-15	IN	7	0	0	0	0.0007415647015202032	12hr	-0.0007415647015202032	decreased
2_+_97185315_97185344	ENST00000461153	1	29	86.8904690459	0.475939392253	0.0	IN	3	0	0	0	0.0	30min	0.0	unchanged
12_-_55794358_55794387	ENST00000546837	1	29	92.9153352327	3.21203033649	0.0	IN	7	0	0	0	0.010752688172043001	30min	-0.010752688172043001	decreased
19_+_8463496_8463504	ENST00000597813	1	8	73.905838652	7.31925004472	0.0136979446377478	IN	7	0	0	0	0.0	30min	0.0	unchanged
10_-_71752974_71753002	ENST00000470317	1	28	83.152575626	4.24346866109	0.0	IN	7	0	0	0	0.0	30min	0.0	unchanged
17_-_4676500_4676507	ENST00000570571	1	7	78.9750014113	4.36036365462	0.0101771711000533	IN	7	0	0	0	0.06724177180050933	7day	0.06724177180050933	increased
14_-_103913960_103913984	ENST00000414262	1	24	89.2650101413	2.32399998821	1.39999123405232e-13	IN	7	0	0	0	0.019863562996258022	3hr	-0.019863562996258022	decreased
10_+_5720754_5720774	ENST00000695737	1	20	84.7567844913	2.40520835369	7.11120051732905e-12	IN	7	0	0	0	0.0	30min	0.0	unchanged
X_-_154511847_154511871	ENST00000492763	1	24	84.9477966065	1.92085715007	5.18030063290098e-13	IN	7	0	0	0	0.0	30min	0.0	unchanged
6_+_26390802_26390829	ENST00000490025	1	27	85.4540444869	1.38903225586	0.0	IN	0	0	0	0				
3_-_108050577_108050602	ENST00000517766	1	25	80.8232555324	3.10496553881	2.98538971321705e-13	IN	7	0	0	0	0.05157455895564156	12hr	-0.05157455895564156	decreased
5_+_176093743_176093768	ENST00000697478	1	25	81.8357214921	-1.02231034534	3.25406368517633e-13	IN	2	0	0	0	0.0	30min	0.0	unchanged
12_-_49559938_49559967	ENST00000551625	1	29	86.1766949978	3.97884848861	0.0	IN	7	0	0	0	0.0	30min	0.0	unchanged
15_-_70064453_70064470	ENST00000559048	1	17	82.5894417518	2.97742861225	2.52098842912218e-08	IN	7	0	0	0	0.0	30min	0.0	unchanged
4_-_47879095_47879117	ENST00000329043	1	22	91.9922214087	1.8736538483	7.31303906320591e-12	IN	7	0	0	0	0.0	30min	0.0	unchanged
2_-_97542078_97542107	ENST00000359901	1	29	86.0580867216	0.346303032372	0.0	IN	2	0	0	0	0.0	30min	0.0	unchanged
12_+_132548002_132548032	ENST00000680143	1	30	83.4537793425	2.37332350251	0.0	IN	7	0	0	0	0.0	30min	0.0	unchanged
3_+_179757051_179757078	ENST00000680008	1	27	77.8203247244	3.13132258433	0.0	IN	0	0	0	0				
2_+_97213418_97213447	ENST00000461153	1	29	86.8904690459	0.273272733797	0.0	IN	4	1	0	0	0.10317460317460314	7day	0.10317460317460314	increased
21_+_45494544_45494571	ENST00000342220	1	27	87.2096342957	0.269903218674	0.0	IN	5	0	0	0	0.0	30min	0.0	unchanged
14_+_31080572_31080584	ENST00000542754	1	12	76.9823185117	4.44587505236	0.0002248812435298	IN	6	1	0	0	0.16566566566566576	3hr	-0.16566566566566576	decreased
19_+_5648015_5648043	ENST00000586934	1	28	84.76130574	3.21656252886	0.0	IN	7	0	0	0	0.0	30min	0.0	unchanged
12_+_56154812_56154840	ENST00000550443	1	28	85.7802938778	4.64178122859	0.0	IN	7	1	1	0	0.23701201201201194	30min	-0.23701201201201194	decreased
6_+_43500743_43500772	ENST00000459851	1	29	83.9412312595	3.51666666567	0.0	IN	7	7	6	6	0.3515368793716317	48hr	-0.3515368793716317	decreased
1_-_1084480_1084506	ENST00000379319	1	26	79.368379851	0.687766651561	8.260059303211162e-14	IN	6	4	4	0	0.45714285714285713	72hr	0.45714285714285713	increased
13_-_37026789_37026816	ENST00000464744	1	27	81.7230734308	1.66235483654	0.0	IN	7	0	0	0	0.0	30min	0.0	unchanged
2_+_97215300_97215329	ENST00000461153	1	29	86.0580867216	0.526484840408	0.0	IN	4	0	0	0	0.0	30min	0.0	unchanged
15_+_90961024_90961054	ENST00000556618	1	30	87.9268524965	4.6766470846	0.0	IN	6	0	0	0	0.0	30min	0.0	unchanged
4_+_41257114_41257126	ENST00000503431	1	12	82.8266966199	4.61881251633	1.51037485229821e-06	IN	0	0	0	0				
2_+_135753538_135753567	ENST00000415164	1	29	72.4423462028	4.60618179263	0.0	IN	7	6	6	6	0.3742844386235174	48hr	0.3742844386235174	increased
8_-_29126481_29126511	ENST00000524189	1	30	85.5840708319	4.58826471339	0.0	IN	7	0	0	0	0.0	30min	0.0	unchanged
21_+_45482794_45482821	ENST00000355480	1	27	81.469015014	0.422741935618	0.0	IN	4	0	0	0	0.0	30min	0.0	unchanged
11_+_118308426_118308441	ENST00000528600	1	15	87.8655091135	-0.243105274282	1.13302233151202e-07	IN	7	0	0	0	0.0	30min	0.0	unchanged
21_+_45989751_45989778	ENST00000361866	1	27	77.8329220643	4.24161294619	0.0	IN	7	0	0	0	0.0	30min	0.0	unchanged
19_+_17217452_17217462	ENST00000596136	1	10	86.8307987803	1.22371427422	5.55731757221345e-05	IN	7	0	0	0	0.0	30min	0.0	unchanged
10_+_110244827_110244857	ENST00000650900	1	30	85.2655058609	4.15567640522	0.0	IN	7	7	6	5	0.3334683175354035	24hr	0.3334683175354035	increased
5_-_177744393_177744418	ENST00000515787	1	25	81.8357214921	-0.790999999334	2.9964919434633e-13	IN	3	0	0	0	0.0	30min	0.0	unchanged
3_-_52820290_52820317	ENST00000266041	1	27	89.2965652218	-0.575451617647	0.0	IN	4	0	0	0	0.0	30min	0.0	unchanged
12_+_53455346_53455370	ENST00000546463	1	24	89.03027985	6.69614293426	4.55191440096314e-14	IN	7	0	0	0	0.02156701028733654	7day	0.02156701028733654	increased
6_-_136601021_136601042	ENST00000698928	1	21	87.1532549202	3.12556002066	5.7561844180043e-11	IN	4	0	0	0	0.0	30min	0.0	unchanged
2_+_169504302_169504326	ENST00000392663	1	24	91.2720699307	5.55003567253	9.9475983006414e-14	IN	5	0	0	0	0.0	30min	0.0	unchanged
11_-_5665655_5665682	ENST00000682968	1	27	84.3297606386	0.0276451607145	0.0	IN	7	0	0	0	0.05555555555555547	12hr	-0.05555555555555547	decreased
18_-_693881_693908	ENST00000647584	1	27	84.3935689963	4.56664519228	0.0	IN	7	0	0	0	0.0	30min	0.0	unchanged
11_+_120406117_120406141	ENST00000397843	1	24	94.4713898191	4.4356785523	2.39985809002974e-12	IN	0	0	0	0				
2_-_95919891_95919920	ENST00000295246	1	29	86.8904690459	0.328030302849	0.0	IN	0	0	0	0				
4_-_75491610_75491637	ENST00000512706	1	27	82.5386479491	3.08509675655	0.0	IN	7	1	0	0	0.10134506279084599	24hr	-0.10134506279084599	decreased
4_-_154547037_154547064	ENST00000302078	1	27	81.4795858809	3.56190323899	0.0	IN	7	0	0	0	0.05351738199735853	48hr	0.05351738199735853	increased
7_-_75190538_75190567	ENST00000622829	1	29	79.5710356716	3.96812118409	0.0	IN	7	0	0	0	0.0	30min	0.0	unchanged
7_-_25158500_25158530	ENST00000443822	1	30	88.7864134007	1.75194116989	0.0	IN	6	0	0	0	0.0	30min	0.0	unchanged
6_-_32580246_32580270	ENST00000360004	1	24	85.3371178427	1.14867856753	2.20157225783169e-13	IN	7	3	1	0	0.2146748492678725	30min	-0.2146748492678725	decreased
9_+_127478933_127478963	ENST00000675641	1	30	91.4097679237	3.88544120804	0.0	IN	6	0	0	0	0.0	30min	0.0	unchanged
13_+_45149769_45149788	ENST00000340473	1	19	86.4838887303	4.21282605762	1.65975722055123e-09	IN	7	0	0	0	0.0	30min	0.0	unchanged
1_+_236542760_236542787	ENST00000525042	1	27	82.0785108454	0.728870961815	0.0	IN	7	0	0	0	0.06153846153846165	30min	-0.06153846153846165	decreased
17_-_64329699_64329722	ENST00000563924	1	23	80.7148094226	2.57692594799	3.90861787380459e-11	IN	7	0	0	0	0.0	30min	0.0	unchanged
9_-_136379836_136379864	ENST00000684778	1	28	87.8733595679	0.0675937451888	0.0	IN	7	0	0	0	0.0	30min	0.0	unchanged
12_+_56158683_56158711	ENST00000547649	1	28	81.9662587127	2.89593751542	0.0	IN	7	0	0	0	0.03910142719391574	30min	0.03910142719391574	increased
7_+_139412550_139412580	ENST00000263545	1	30	93.7042207602	4.08994117905	0.0	IN	7	0	0	0	0.0	30min	0.0	unchanged
6_-_28907235_28907262	ENST00000377194	1	27	90.1188109235	1.42512904354	0.0	IN	6	0	0	0	0.0	3hr	0.0	unchanged
21_+_46116376_46116403	ENST00000397763	1	27	81.1524594869	3.17090321765	0.0	IN	7	0	0	0	0.0	30min	0.0	unchanged
5_-_170258865_170258878	ENST00000046794	1	13	82.0873149343	2.97435295231	4.16275289905066e-06	IN	7	0	0	0	0.0	30min	0.0	unchanged
1_+_150962129_150962158	ENST00000271640	1	29	86.5033914048	1.942454547	0.0	IN	7	1	0	0	0.19994879672299026	72hr	-0.19994879672299026	decreased
1_-_160999395_160999408	ENST00000368026	1	13	88.8207612676	2.20564705133	1.82543507865063e-07	IN	7	0	0	0	0.0	30min	0.0	unchanged
6_+_43778888_43778918	ENST00000372055	1	30	79.4890529159	3.91117650928	0.0	IN	0	0	0	0				
17_+_40141206_40141234	ENST00000264645	1	28	86.283293441	4.93124996824	0.0	IN	7	0	0	0	0.0	30min	0.0	unchanged
20_-_63215576_63215601	ENST00000370339	1	25	74.9073122726	4.38506894295	1.38700162466421e-12	IN	7	0	0	0	0.0	30min	0.0	unchanged
2_+_97205939_97205968	ENST00000461153	1	29	84.9452337141	0.221242424665	0.0	IN	2	0	0	0	0.0	30min	0.0	unchanged
7_-_99903575_99903598	ENST00000354241	1	23	85.3611502806	1.14674075058	2.8457236567192e-12	IN	7	0	0	0	0.0	30min	0.0	unchanged
2_+_97194725_97194754	ENST00000461153	1	29	84.9452337141	0.505969698597	0.0	IN	2	0	0	0	0.0	30min	0.0	unchanged
15_+_44759639_44759662	ENST00000560442	1	23	89.5807184664	1.48581480466	2.72004641033163e-13	IN	0	0	0	0				
7_+_142801943_142801961	ENST00000466254	1	18	88.5499887054	1.64281823689	2.24611107491057e-10	IN	7	0	0	0	0.0	30min	0.0	unchanged
7_-_34942614_34942639	ENST00000690503	1	25	86.9847000432	2.1889655292	9.43689570931383e-14	IN	0	0	0	0				
5_-_81437429_81437458	ENST00000509053	1	29	88.926027177	6.10833329143	0.0	IN	5	0	0	0	0.0	30min	0.0	unchanged
9_+_113362368_113362394	ENST00000462085	1	26	88.9903421529	3.09019998784	3.79696274421804e-14	IN	0	0	0	0				
1_+_161218702_161218723	ENST00000490414	1	21	88.2038109103	2.13287999537	3.20221626992634e-12	IN	7	0	0	0	0.0	30min	0.0	unchanged
8_-_123023712_123023739	ENST00000523036	1	27	80.4838042655	5.04525807716	0.0	IN	7	0	0	0	0.020408163265306256	30min	0.020408163265306256	increased
17_-_44195799_44195828	ENST00000591295	1	29	93.3678219749	3.35115157203	0.0	IN	7	0	0	0	0.04429824561403517	30min	0.04429824561403517	increased
7_-_26854136_26854162	ENST00000432747	1	26	90.7724464034	2.45966666937	3.23074900165921e-14	IN	0	0	0	0				
8_+_27451484_27451509	ENST00000397501	1	25	78.266927883	3.01331031322	6.68687327731732e-13	IN	7	0	0	0	0.0	30min	0.0	unchanged
14_-_77441065_77441093	ENST00000343765	1	28	85.8500369065	3.60843744827	0.0	IN	7	0	0	0	0.0	30min	0.0	unchanged
17_-_29116443_29116455	ENST00000530254	1	12	83.3069792499	4.32843746105	8.41639427573426e-06	IN	7	0	0	0	0.0	30min	0.0	unchanged
1_-_236230223_236230250	ENST00000354619	1	27	84.6218069107	5.40177428915	0.0	IN	2	0	0	0	0.0	3hr	0.0	unchanged
6_-_166322856_166322886	ENST00000478705	1	30	87.9588205348	3.74805879034	0.0	IN	7	7	7	7	0.35885315664727435	30min	0.35885315664727435	increased
2_+_97219049_97219078	ENST00000461153	1	29	81.5977684274	0.67269696497	0.0	IN	5	0	0	0	0.0	30min	0.0	unchanged
20_+_62966702_62966732	ENST00000459704	1	30	82.998529615	1.88723531826	0.0	IN	7	0	0	0	0.0	30min	0.0	unchanged
5_+_178036011_178036036	ENST00000652167	1	25	77.4629672691	-0.261310339953	1.57251989207907e-12	IN	0	0	0	0				
1_-_169696534_169696553	ENST00000236147	1	19	94.3075009389	1.60826085484	1.04753405949509e-09	IN	7	0	0	0	0.0	30min	0.0	unchanged
9_-_133779917_133779939	ENST00000406606	1	22	86.550255723	0.644499994671	3.06865644006393e-12	IN	0	0	0	0				
20_-_33669686_33669712	ENST00000488489	1	26	84.7316238699	3.6007000008	1.15463194561016e-14	IN	7	7	4	1	0.41544117647058826	12hr	0.41544117647058826	increased
17_-_3953692_3953710	ENST00000397041	1	18	78.7818734199	1.55318182571	4.90028507771356e-08	IN	7	0	0	0	0.0	30min	0.0	unchanged
1_-_153952804_153952834	ENST00000461638	1	30	86.7741895108	1.90405882177	0.0	IN	7	0	0	0	0.0	30min	0.0	unchanged
16_+_28985712_28985740	ENST00000566177	1	28	85.8034705991	0.0141562521458	0.0	IN	7	1	0	0	0.11201813459350524	72hr	-0.11201813459350524	decreased
5_+_119475705_119475727	ENST00000684160	1	22	85.1629859076	4.66023078332	3.0355717939301e-12	IN	6	2	0	0	0.12163205602530724	7day	0.12163205602530724	increased
1_-_113833110_113833138	ENST00000359785	1	28	89.0364359005	1.89121876238	0.0	IN	7	0	0	0	0.017318938371569836	12hr	-0.017318938371569836	decreased
6_+_30339907_30339930	ENST00000396551	1	23	85.5624182227	2.89540737509	2.2211121830650898e-12	IN	5	0	0	0	0.0	30min	0.0	unchanged
4_+_112257771_112257797	ENST00000274000	1	26	86.6604004941	4.2845000349	3.94129173741931e-14	IN	5	0	0	0	0.0	12hr	0.0	unchanged
15_+_66532984_66533013	ENST00000446801	1	29	86.677638287	1.83751515006	0.0	IN	0	0	0	0				
12_-_55790566_55790592	ENST00000546837	1	26	82.9567868243	2.40896661828	8.31557045444242e-14	IN	7	0	0	0	0.0	30min	0.0	unchanged
21_-_39313071_39313101	ENST00000341322	1	30	78.5374748085	3.85185290961	0.0	IN	5	0	0	0	0.0	30min	0.0	unchanged
2_+_238347454_238347475	ENST00000391993	1	21	87.9519492585	1.94380002096	2.35068631226909e-11	IN	4	0	0	0	0.0	12hr	0.0	unchanged
21_+_46398234_46398255	ENST00000703224	1	21	72.4677239463	0.591159987859	3.15077408608033e-10	IN	7	0	0	0	0.0	30min	0.0	unchanged
2_+_86131077_86131106	ENST00000254630	1	29	82.7669624948	2.29506059015	0.0	IN	7	5	0	0	0.1857831472820719	48hr	-0.1857831472820719	decreased
7_-_92577654_92577676	ENST00000415397	1	22	81.9954339645	4.26946150225	5.19995158043685e-12	IN	7	6	3	3	0.38727977448907686	12hr	-0.38727977448907686	decreased
9_+_137206280_137206309	ENST00000612145	1	29	82.8668258952	5.90284837105	0.0	IN	7	6	6	0	0.41049122446181263	48hr	-0.41049122446181263	decreased
12_-_79790466_79790483	ENST00000450142	1	17	87.8083378808	2.31976191203	6.147039766091209e-09	IN	7	0	0	0	0.0	30min	0.0	unchanged
1_+_206421249_206421274	ENST00000605610	1	25	78.9176386003	4.27900001426	2.85249601716941e-12	IN	0	0	0	0				
2_-_97507035_97507065	ENST00000488634	1	30	85.95783165	0.655529406278	0.0	IN	6	2	0	0	0.12756410256410255	72hr	-0.12756410256410255	decreased
16_+_30666511_30666541	ENST00000287468	1	30	81.032705998	2.92067642247	0.0	IN	7	0	0	0	0.010137922600682914	48hr	-0.010137922600682914	decreased
16_+_69459092_69459121	ENST00000686649	1	29	93.0879558277	1.20060605556	0.0	IN	7	0	0	0	0.0035087719298245723	7day	-0.0035087719298245723	decreased
2_-_27333973_27333999	ENST00000264720	1	26	89.7688611639	2.40169997631	7.32747196252603e-15	IN	7	0	0	0	0.0	30min	0.0	unchanged
11_-_2955743_2955766	ENST00000528261	1	23	87.9333746745	2.70311108264	1.32460709068027e-12	IN	7	0	0	0	0.0	30min	0.0	unchanged
11_+_828229_828259	ENST00000534606	1	30	72.5366368023	-0.290323524024	-inf	IN	0	0	0	0				
8_-_144426179_144426208	ENST00000533806	1	29	84.5549886445	2.27133334084	0.0	IN	7	0	0	0	0.045311450176256624	48hr	-0.045311450176256624	decreased
9_-_129010669_129010693	ENST00000416629	1	24	83.2143234522	3.43610716388	4.73954209212479e-13	IN	7	0	0	0	0.0	30min	0.0	unchanged
11_+_48149989_48149998	ENST00000418331	1	9	78.9991785972	3.98923076575	0.0006577905027272	IN	4	0	0	0	0.0	12hr	0.0	unchanged
1_+_203862195_203862222	ENST00000414487	1	27	73.8730915286	4.74848387474	0.0	IN	7	0	0	0	0.04013950161631119	12hr	0.04013950161631119	increased
1_+_39741894_39741921	ENST00000470213	1	27	82.0063241286	5.24074193066	0.0	IN	7	0	0	0	0.09542834196110139	30min	-0.09542834196110139	decreased
21_+_46112803_46112824	ENST00000397763	1	21	87.6918412236	2.60471999496	8.22042434123205e-12	IN	7	0	0	0	0.0	30min	0.0	unchanged
13_+_75549975_75549987	ENST00000563635	1	12	90.4022957726	3.51581245754	1.40632602479984e-05	IN	7	0	0	0	0.0	30min	0.0	unchanged
21_-_44337648_44337667	ENST00000339818	1	19	87.1438079796	4.09326094972	1.29850796781739e-10	IN	7	0	0	0	0.0	30min	0.0	unchanged
17_-_7193843_7193871	ENST00000648172	1	28	84.8205204749	1.72946874145	0.0	IN	6	0	0	0	0.0	30min	0.0	unchanged
19_+_17775055_17775080	ENST00000596951	1	25	79.3265817154	1.02451724122	2.17270645919143e-13	IN	7	0	0	0	0.05262251720934985	48hr	-0.05262251720934985	decreased
19_+_19335717_19335735	ENST00000262815	1	18	78.9624466444	5.58918180859	6.41518671518071e-09	IN	7	1	0	0	0.11663120567375884	30min	-0.11663120567375884	decreased
2_-_106166055_106166083	ENST00000409501	1	28	88.42514349	3.31781246297	0.0	IN	7	0	0	0	0.0	30min	0.0	unchanged
5_+_176656894_176656924	ENST00000515708	1	30	79.6074312981	5.47932339153	0.0	IN	7	5	4	0	0.34722222222222215	3hr	-0.34722222222222215	decreased
6_+_26411554_26411581	ENST00000414912	1	27	85.7434682644	0.192419357538	0.0	IN	7	0	0	0	0.0	30min	0.0	unchanged
11_+_118312152_118312170	ENST00000529713	1	18	88.936742792	-0.903136370534	1.38328026810797e-09	IN	7	0	0	0	0.045042185593674816	72hr	-0.045042185593674816	decreased
6_-_43626921_43626948	ENST00000307114	1	27	86.3733565452	6.02577420105	0.0	IN	7	0	0	0	0.0	30min	0.0	unchanged
17_-_42329746_42329776	ENST00000264657	1	30	85.1007697788	4.80611766568	0.0	IN	7	0	0	0	0.020325203252032575	48hr	-0.020325203252032575	decreased
10_-_72072901_72072910	ENST00000373109	1	9	84.7626978759	2.13169229031	0.0025306032107019	IN	7	0	0	0	0.0	30min	0.0	unchanged
5_+_119492099_119492124	ENST00000684160	1	25	84.4415827844	5.82706907597	1.90070181815827e-13	IN	7	6	0	0	0.16428571428571426	30min	-0.16428571428571426	decreased
5_+_177365962_177365984	ENST00000408923	1	22	85.67123046	4.28796154834	1.6442402994698594e-11	IN	7	0	0	0	0.0	30min	0.0	unchanged
6_-_29629086_29629107	ENST00000491829	1	21	81.5853328648	1.8466800189	7.18831660861952e-11	IN	1	0	0	0	0.036965716276061045	30min	-0.036965716276061045	decreased
3_-_123567761_123567780	ENST00000383657	1	19	90.9355136253	2.40982607056	4.2571051128703605e-09	IN	7	0	0	0	0.0	30min	0.0	unchanged
X_-_136677935_136677956	ENST00000370620	1	21	82.7902499058	6.85855990529	4.82831552517382e-11	IN	7	0	0	0	0.0	30min	0.0	unchanged
1_+_198692346_198692373	ENST00000367367	1	27	90.0306423162	-1.7359354943	0.0	IN	7	0	0	0	0.0	30min	0.0	unchanged
1_-_151406606_151406631	ENST00000271715	1	25	82.439780756	2.93968969327	3.15303338993544e-14	IN	7	2	0	0	0.1120329060811559	48hr	0.1120329060811559	increased
17_+_78005057_78005079	ENST00000588847	1	22	98.142984363	4.47996167953	3.24773541393597e-11	IN	6	0	0	0	0.0	30min	0.0	unchanged
22_-_19899048_19899068	ENST00000475995	1	20	73.0632899041	5.61954167827	1.13932492329383e-08	IN	7	0	0	0	0.0	30min	0.0	unchanged
3_+_48974957_48974979	ENST00000449376	1	22	81.7804021834	6.59957686984	2.76630940376776e-11	IN	7	0	0	0	0.0	30min	0.0	unchanged
X_-_153790563_153790575	ENST00000491235	1	12	79.370521271	2.34331251262	7.37232945535737e-06	IN	7	0	0	0	0.0	30min	0.0	unchanged
12_+_122762186_122762206	ENST00000539463	1	20	88.1204487906	5.08254157604	2.0107404630209704e-10	IN	7	0	0	0	0.0	30min	0.0	unchanged
22_-_50777951_50777981	ENST00000685352	1	30	72.213657015	4.6010882872	0.0	IN	7	0	0	0	0.03100775193798455	72hr	0.03100775193798455	increased
16_+_8748107_8748137	ENST00000566590	1	30	88.4802669631	3.61782349569	0.0	IN	0	0	0	0				
19_+_17218363_17218391	ENST00000596136	1	28	84.8378647002	0.872749996895	0.0	IN	7	0	0	0	0.0	30min	0.0	unchanged
14_-_52661292_52661304	ENST00000556769	1	12	92.6526132179	2.18206250621	8.01545567696849e-06	IN	7	0	0	0	0.0	30min	0.0	unchanged
1_-_1299344_1299356	ENST00000354700	1	12	82.8787207812	1.47468750551	5.00486279064738e-06	IN	7	0	0	0	0.0	30min	0.0	unchanged
8_+_27520882_27520909	ENST00000521400	1	27	84.909791722	2.80045161108	0.0	IN	7	0	0	0	0.0	30min	0.0	unchanged
5_-_177739112_177739137	ENST00000515787	1	25	79.4807639599	-0.261379306012	5.32573984912688e-13	IN	3	0	0	0	0.0	30min	0.0	unchanged
17_+_62692111_62692138	ENST00000446119	1	27	83.5206699826	1.36135483894	0.0	IN	7	0	0	0	0.0	30min	0.0	unchanged
19_+_7630822_7630846	ENST00000698367	1	24	90.3970465262	1.7027500008	4.1966430330830905e-14	IN	7	0	0	0	0.022627729049747303	30min	-0.022627729049747303	decreased
X_+_119575374_119575400	ENST00000629303	1	26	83.9723350666	5.39829998314	2.30926389122033e-14	IN	7	0	0	0	0.0	30min	0.0	unchanged
9_+_128598962_128598986	ENST00000704202	1	24	85.7456309709	3.34350000109	1.9373391779709e-13	IN	7	6	1	0	0.21583573112018378	24hr	0.21583573112018378	increased
12_-_56350411_56350432	ENST00000652624	1	21	88.2524292346	1.49332000695	3.37418981644078e-12	IN	7	6	1	1	0.21525659929498703	3hr	-0.21525659929498703	decreased
16_+_30661303_30661333	ENST00000356166	1	30	82.5029462619	4.33349994176	0.0	IN	7	0	0	0	0.0	30min	0.0	unchanged
19_+_4310272_4310295	ENST00000601815	1	23	81.0235826119	3.99637034756	4.8486770154454486e-12	IN	5	0	0	0	0.0	12hr	0.0	unchanged
2_-_152677450_152677475	ENST00000698772	1	25	85.2497070342	5.08693105496	7.8159700933611e-14	IN	7	0	0	0	0.0	30min	0.0	unchanged
4_-_2257981_2258011	ENST00000337190	1	30	87.9094656982	1.68335293299	0.0	IN	7	0	0	0	0.0	30min	0.0	unchanged
21_+_45492686_45492713	ENST00000342220	1	27	78.693036417	0.501387104632	0.0	IN	5	0	0	0	0.0	30min	0.0	unchanged
2_+_231226773_231226798	ENST00000682367	1	25	85.8132708953	3.99962074438	3.09530179265494e-13	IN	0	0	0	0				
19_+_1429966_1429996	ENST00000592522	1	30	83.6788711149	4.45802935958	0.0	IN	7	0	0	0	0.0	30min	0.0	unchanged
2_-_95921781_95921810	ENST00000534304	1	29	87.9633971284	0.110939399311	0.0	IN	0	0	0	0				
6_-_24870865_24870889	ENST00000643898	1	24	92.6437750707	5.12742865272	3.1508129438861897e-13	IN	7	0	0	0	0.0	30min	0.0	unchanged
7_+_843205_843232	ENST00000401592	1	27	91.4250643895	3.66354843253	0.0	IN	7	0	0	0	0.024390243902439046	24hr	-0.024390243902439046	decreased
1_+_46309100_46309127	ENST00000311672	1	27	86.9015209872	2.85000001086	0.0	IN	7	0	0	0	0.09861402130260177	24hr	-0.09861402130260177	decreased
17_-_56895925_56895952	ENST00000316881	1	27	83.4157957445	1.07364517402	0.0	IN	7	3	0	0	0.1428571428571429	3hr	0.1428571428571429	increased
12_+_110282603_110282621	ENST00000539276	1	18	80.8130124774	5.9562727317	1.67863667410728e-09	IN	7	0	0	0	0.0	30min	0.0	unchanged
14_-_57237337_57237366	ENST00000340918	1	29	90.3521192779	5.57203033386	0.0	IN	7	0	0	0	0.0	30min	0.0	unchanged
19_+_19104912_19104938	ENST00000594070	1	26	88.583110471	5.36640004516	1.89848137210902e-14	IN	6	0	0	0	0.0	30min	0.0	unchanged
17_-_42574195_42574210	ENST00000590760	1	15	84.9096852896	3.30347364474	1.40802343007174e-07	IN	0	0	0	0				
5_-_150699241_150699271	ENST00000522469	1	30	87.2210012769	5.70114715693	0.0	IN	7	0	0	0	0.0	30min	0.0	unchanged
2_-_190987038_190987068	ENST00000673841	1	30	86.4859790628	3.55117647175	0.0	IN	7	0	0	0	0.0	30min	0.0	unchanged
19_+_19340845_19340873	ENST00000262815	1	28	88.0872418791	5.26237493264	0.0	IN	7	0	0	0	0.0	30min	0.0	unchanged
2_+_97187197_97187226	ENST00000461153	1	29	86.8904690459	0.423181820929	0.0	IN	4	0	0	0	0.0	30min	0.0	unchanged
2_+_97200333_97200362	ENST00000461153	1	29	83.9573664126	0.3638181696	0.0	IN	2	0	0	0	0.0	30min	0.0	unchanged
12_+_25089762_25089790	ENST00000557489	1	28	84.5536816545	4.13746877678	0.0	IN	7	0	0	0	0.0	30min	0.0	unchanged
10_-_12170899_12170908	ENST00000491614	1	9	86.6925388242	3.07346155896	0.0002232462763137	IN	7	7	7	4	0.3885714285714285	3hr	-0.3885714285714285	decreased
X_-_153913023_153913051	ENST00000420383	1	28	77.8736431039	0.699656245997	0.0	IN	7	0	0	0	0.0	30min	0.0	unchanged
1_+_228369135_228369162	ENST00000680850	1	27	88.2490404267	1.31632257866	0.0	IN	2	0	0	0	0.0	30min	0.0	unchanged
17_-_63698798_63698818	ENST00000578993	1	20	72.9962885742	5.49841655046	2.52279641621556e-10	IN	7	0	0	0	0.013725096414943834	72hr	0.013725096414943834	increased
1_+_207339396_207339417	ENST00000695823	1	21	83.8493843481	0.294760001749	3.736821962974089e-11	IN	7	0	0	0	0.019051212263035522	24hr	-0.019051212263035522	decreased
21_+_43800861_43800881	ENST00000471909	1	20	87.1061734799	1.6592916712	4.136946341049e-11	IN	7	0	0	0	0.0	30min	0.0	unchanged
12_+_118389926_118389946	ENST00000543473	1	20	86.0967089141	4.59637499182	1.47197476429994e-10	IN	7	0	0	0	0.0	30min	0.0	unchanged
20_-_45960863_45960882	ENST00000322927	1	19	84.395518838	2.92208695606	2.29759100633942e-10	IN	7	0	0	0	0.0	30min	0.0	unchanged
21_+_34103496_34103519	ENST00000477091	1	23	85.7730820178	0.235629626981	1.1163292512606e-11	IN	7	6	5	4	0.4195938872446289	12hr	-0.4195938872446289	decreased
14_-_94129261_94129291	ENST00000556727	1	30	83.8848816851	0.450382344863	0.0	IN	6	0	0	0	0.0	30min	0.0	unchanged
21_+_45987498_45987519	ENST00000361866	1	21	84.0663361699	2.641799988	4.87321294428966e-12	IN	7	0	0	0	0.0	30min	0.0	unchanged
6_+_26390686_26390707	ENST00000490025	1	21	82.3906685854	1.66040000424	1.11247677736515e-11	IN	0	0	0	0				
15_-_58901259_58901287	ENST00000380516	1	28	86.6659690377	4.42212501541	0.0	IN	7	0	0	0	0.054437564499484004	30min	0.054437564499484004	increased
6_+_73723250_73723279	ENST00000437994	1	29	82.5532121599	2.14048486496	0.0	IN	0	0	0	0				
2_-_86153559_86153574	ENST00000254636	1	15	91.0925780594	2.69668417032	1.43570728861064e-07	IN	7	0	0	0	0.0	30min	0.0	unchanged
19_-_5612539_5612567	ENST00000850600	1	28	79.7082057599	2.5934687705	0.0	IN	7	6	4	4	0.2110807067328806	48hr	0.2110807067328806	increased
6_-_79077699_79077729	ENST00000275034	1	30	88.4325724722	2.73244118784	0.0	IN	7	0	0	0	0.0	30min	0.0	unchanged
21_+_45492534_45492564	ENST00000342220	1	30	79.6745177739	0.012058817535	0.0	IN	5	0	0	0	0.0	30min	0.0	unchanged
11_-_4601663_4601686	ENST00000300747	1	23	90.8479836125	1.79125928051	3.08197911635943e-13	IN	6	0	0	0	0.0	3hr	0.0	unchanged
1_+_206419372_206419400	ENST00000605610	1	28	86.3766772364	5.55834375741	0.0	IN	0	0	0	0				
17_+_48862275_48862304	ENST00000416445	1	29	92.7932317162	1.25484848181	0.0	IN	7	0	0	0	0.0	30min	0.0	unchanged
2_-_43950572_43950600	ENST00000684306	1	28	85.0006509406	3.2495312594	0.0	IN	7	0	0	0	0.0	30min	0.0	unchanged
1_+_52414620_52414647	ENST00000257181	1	27	83.6200352794	4.81551614812	0.0	IN	7	0	0	0	0.0	30min	0.0	unchanged
11_-_4386967_4386990	ENST00000254436	1	23	90.3051314981	1.4960740528	6.21946938395013e-13	IN	7	0	0	0	0.0	30min	0.0	unchanged
X_-_81119787_81119817	ENST00000451455	1	30	84.1078277801	1.92823528805	0.0	IN	0	0	0	0				
6_+_26410005_26410032	ENST00000414912	1	27	82.5409894621	0.0810967703019	0.0	IN	7	3	2	1	0.3734203591346449	7day	-0.3734203591346449	decreased
11_+_65205709_65205721	ENST00000533820	1	12	86.8310201597	1.89106249809	2.74514782661051e-06	IN	7	0	0	0	0.0	30min	0.0	unchanged
6_+_26373386_26373413	ENST00000508906	1	27	78.136901538	-0.0436451684406	0.0	IN	7	5	3	2	0.5416666666666667	7day	-0.5416666666666667	decreased
3_-_160535660_160535690	ENST00000676799	1	30	83.3526302386	4.96064704481	0.0	IN	7	0	0	0	0.0	30min	0.0	unchanged
16_+_28986539_28986569	ENST00000395461	1	30	75.4413943565	1.62773529922	0.0	IN	7	4	1	0	0.21180589203488126	3hr	-0.21180589203488126	decreased
3_+_184189254_184189277	ENST00000472608	1	23	83.6971264016	4.40296297934	1.78079773149875e-13	IN	7	1	0	0	0.10149927621002747	12hr	0.10149927621002747	increased
5_-_170262841_170262861	ENST00000046794	1	20	84.9836089833	1.62849998536	7.570832849523869e-12	IN	7	0	0	0	0.0	30min	0.0	unchanged
7_+_74755508_74755537	ENST00000650807	1	29	79.5710356716	4.11042426312	0.0	IN	7	5	0	0	0.11320895522388064	7day	0.11320895522388064	increased
4_+_53440581_53440608	ENST00000703502	1	27	83.665154106	4.27603220171	0.0	IN	7	3	0	0	0.1728389871853882	7day	0.1728389871853882	increased
8_+_63169386_63169411	ENST00000619337	1	25	80.7037447094	7.586413737	4.84945417156268e-13	IN	7	0	0	0	0.0	30min	0.0	unchanged
5_-_170262966_170262992	ENST00000046794	1	26	87.7446359556	2.19916664635	2.2204460492503102e-14	IN	7	0	0	0	0.0	30min	0.0	unchanged
18_+_10533535_10533553	ENST00000322897	1	18	83.2385815268	5.60004535792	1.58977198072563e-09	IN	0	0	0	0				
19_+_50419945_50419973	ENST00000595883	1	28	82.9469865281	1.74799999828	0.0	IN	0	0	0	0				
17_+_43179393_43179412	ENST00000542611	1	19	91.4628436373	3.33600004989	2.23253637798848e-10	IN	7	0	0	0	0.0	30min	0.0	unchanged
7_+_142792521_142792539	ENST00000633705	1	18	86.5257592398	1.57490910725	2.6132529473699203e-10	IN	7	0	0	0	0.0	30min	0.0	unchanged
19_+_39421282_39421299	ENST00000594307	1	17	82.2321651851	1.24238096692	5.19492815431732e-09	IN	7	0	0	0	0.0	30min	0.0	unchanged
6_-_28911695_28911718	ENST00000377194	1	23	83.5959985842	1.63551852907	9.245493259868447e-12	IN	7	0	0	0	0.06060606060606055	30min	0.06060606060606055	increased
7_+_35831491_35831496	ENST00000399034	1	5	73.8025523854	5.87766655286	0.103294070764663	RESCUED	7	3	2	0	0.2634951667209733	72hr	-0.2634951667209733	decreased
2_-_121401867_121401870	ENST00000455322	1	3	71.416806086	5.4490000861	0.574634184499861	RESCUED	0	0	0	0				
2_-_25835537_25835540	ENST00000336112	1	3	82.7195064125	4.07957145146	0.69021222410166	RESCUED	6	3	1	0	0.2203548085901027	72hr	-0.2203548085901027	decreased
14_+_96874456_96874459	ENST00000679506	1	3	65.9205385855	6.01457139424	0.606683558511952	RESCUED	0	0	0	0				
19_+_48477716_48477719	ENST00000704950	1	3	80.2819062436	3.02728569508	0.677133324315834	RESCUED	7	3	0	0	0.1797625978111318	24hr	-0.1797625978111318	decreased
17_-_78696006_78696009	ENST00000589768	1	3	76.8203496722	4.96314280374	0.171662408495055	RESCUED	7	0	0	0	0.02502100324090395	30min	-0.02502100324090395	decreased
6_-_166370217_166370221	ENST00000360961	1	4	74.9693879106	3.11237500235	0.818690036571935	RESCUED	7	0	0	0	0.0	30min	0.0	unchanged
14_-_50438091_50438094	ENST00000557390	1	3	79.7775571174	5.2241428239	0.218664221741145	RESCUED	7	0	0	0	0.0	30min	0.0	unchanged
