ME	gene_label_from_previous_analysis	timepoint	ctrl_n_valid	activation_n_valid	ctrl_mean_PSI	activation_mean_PSI	delta_PSI_activation_minus_ctrl	abs_delta_PSI	ctrl_sd_PSI	activation_sd_PSI	ctrl_min_PSI	ctrl_max_PSI	activation_min_PSI	activation_max_PSI	valid_comparison	all_3_replicates_both_groups	complete_group_separation	effect_class
5_+_57221375_57221396	GPBP1	30min	3	3	0.7467343147410553	0.7213949207413259	-0.025339393999729398	0.025339393999729398	0.14307830943169886	0.038883166713048166	0.582089552238806	0.8409090909090909	0.6794871794871795	0.7563025210084033	True	True	False	small
8_-_27290155_27290178	TRIM35	30min	2	3	0.6053639846743295	0.9063492063492062	0.30098522167487674	0.30098522167487674	0.07043975598026907	0.10966174888518015	0.5555555555555556	0.6551724137931034	0.7857142857142857	1.0	True	False	True	strong
19_+_18122106_18122127	MAST3	30min	3	3	0.2857142857142857	0.7705627705627706	0.48484848484848486	0.48484848484848486	0.49487165930539345	0.3587527665882403	0.0	0.8571428571428571	0.3571428571428571	1.0	True	True	False	strong
3_-_108050577_108050602	CD47	30min	3	3	0.9774011299435029	0.9595959595959597	-0.017805170347543253	0.017805170347543253	0.03914239113150008	0.06998185081086374	0.9322033898305084	1.0	0.8787878787878788	1.0	True	True	False	small
5_+_57221375_57221396	GPBP1	3hr	3	3	0.7467343147410553	0.3970875047776161	-0.3496468099634392	0.3496468099634392	0.14307830943169886	0.06472475031630849	0.582089552238806	0.8409090909090909	0.3245614035087719	0.4489795918367347	True	True	True	strong
8_-_27290155_27290178	TRIM35	3hr	2	3	0.6053639846743295	0.9333333333333332	0.32796934865900373	0.32796934865900373	0.07043975598026907	0.11547005383792514	0.5555555555555556	0.6551724137931034	0.8	1.0	True	False	True	strong
19_+_18122106_18122127	MAST3	3hr	3	0	0.2857142857142857				0.49487165930539345		0.0	0.8571428571428571			False	False	False	not_testable
3_-_108050577_108050602	CD47	3hr	3	3	0.9774011299435029	0.9793463217289471	0.001945191785444167	0.001945191785444167	0.03914239113150008	0.01793217628204229	0.9322033898305084	1.0	0.967741935483871	1.0	True	True	False	small
5_+_57221375_57221396	GPBP1	12hr	3	3	0.7467343147410553	0.23439153439153435	-0.512342780349521	0.512342780349521	0.14307830943169886	0.04773354840749853	0.582089552238806	0.8409090909090909	0.2	0.2888888888888888	True	True	True	strong
8_-_27290155_27290178	TRIM35	12hr	2	3	0.6053639846743295	0.9841518634622083	0.3787878787878788	0.3787878787878788	0.07043975598026907	0.015199482078480434	0.5555555555555556	0.6551724137931034	0.9696969696969696	1.0	True	False	True	strong
19_+_18122106_18122127	MAST3	12hr	3	3	0.2857142857142857	0.8666666666666667	0.580952380952381	0.580952380952381	0.49487165930539345	0.23094010767585033	0.0	0.8571428571428571	0.6	1.0	True	True	False	strong
3_-_108050577_108050602	CD47	12hr	3	3	0.9774011299435029	0.9258265709878614	-0.05157455895564156	0.05157455895564156	0.03914239113150008	0.008617994651921436	0.9322033898305084	1.0	0.918918918918919	0.935483870967742	True	True	False	small
5_+_57221375_57221396	GPBP1	24hr	3	3	0.7467343147410553	0.2437694844247338	-0.5029648303163216	0.5029648303163216	0.14307830943169886	0.07519324128381494	0.582089552238806	0.8409090909090909	0.189873417721519	0.3296703296703296	True	True	True	strong
8_-_27290155_27290178	TRIM35	24hr	2	3	0.6053639846743295	0.9714285714285715	0.366064586754242	0.366064586754242	0.07043975598026907	0.049487165930539305	0.5555555555555556	0.6551724137931034	0.9142857142857144	1.0	True	False	True	strong
19_+_18122106_18122127	MAST3	24hr	3	3	0.2857142857142857	0.8518518518518517	0.566137566137566	0.566137566137566	0.49487165930539345	0.25660011963983365	0.0	0.8571428571428571	0.5555555555555556	1.0	True	True	False	strong
3_-_108050577_108050602	CD47	24hr	3	3	0.9774011299435029	0.9495726495726496	-0.02782848037085328	0.02782848037085328	0.03914239113150008	0.016683095124737826	0.9322033898305084	1.0	0.9333333333333332	0.9666666666666668	True	True	False	small
5_+_57221375_57221396	GPBP1	48hr	3	3	0.7467343147410553	0.1966078575611037	-0.5501264571799517	0.5501264571799517	0.14307830943169886	0.0382762653290782	0.582089552238806	0.8409090909090909	0.1702127659574468	0.240506329113924	True	True	True	strong
8_-_27290155_27290178	TRIM35	48hr	2	3	0.6053639846743295	0.9702021653731915	0.364838180698862	0.364838180698862	0.07043975598026907	0.030644727604628785	0.5555555555555556	0.6551724137931034	0.9387755102040816	1.0	True	False	True	strong
19_+_18122106_18122127	MAST3	48hr	3	3	0.2857142857142857	0.7057109557109557	0.41999666999666996	0.41999666999666996	0.49487165930539345	0.06082140780018244	0.0	0.8571428571428571	0.6363636363636364	0.75	True	True	False	strong
3_-_108050577_108050602	CD47	48hr	3	3	0.9774011299435029	1.0	0.022598870056497078	0.022598870056497078	0.03914239113150008	0.0	0.9322033898305084	1.0	1.0	1.0	True	True	False	small
5_+_57221375_57221396	GPBP1	72hr	3	3	0.7467343147410553	0.24900213496704718	-0.4977321797740082	0.4977321797740082	0.14307830943169886	0.12130029287711028	0.582089552238806	0.8409090909090909	0.1729323308270676	0.3888888888888889	True	True	True	strong
8_-_27290155_27290178	TRIM35	72hr	2	3	0.6053639846743295	0.8845538215286114	0.2791898368542819	0.2791898368542819	0.07043975598026907	0.13555374179107024	0.5555555555555556	0.6551724137931034	0.7352941176470589	1.0	True	False	True	strong
19_+_18122106_18122127	MAST3	72hr	3	3	0.2857142857142857	1.0	0.7142857142857143	0.7142857142857143	0.49487165930539345	0.0	0.0	0.8571428571428571	1.0	1.0	True	True	True	strong
3_-_108050577_108050602	CD47	72hr	3	3	0.9774011299435029	0.9456228956228956	-0.031778234320607335	0.031778234320607335	0.03914239113150008	0.03455200087618411	0.9322033898305084	1.0	0.9090909090909092	0.9777777777777776	True	True	False	small
5_+_57221375_57221396	GPBP1	7day	3	3	0.7467343147410553	0.2873510577132774	-0.45938325702777794	0.45938325702777794	0.14307830943169886	0.06221588019520595	0.582089552238806	0.8409090909090909	0.2235294117647059	0.3478260869565217	True	True	True	strong
8_-_27290155_27290178	TRIM35	7day	2	3	0.6053639846743295	0.9969135802469137	0.3915495955725842	0.3915495955725842	0.07043975598026907	0.0053458358258298274	0.5555555555555556	0.6551724137931034	0.9907407407407408	1.0	True	False	True	strong
19_+_18122106_18122127	MAST3	7day	3	3	0.2857142857142857	0.8166666666666668	0.5309523809523811	0.5309523809523811	0.49487165930539345	0.2753785273643051	0.0	0.8571428571428571	0.5	1.0	True	True	False	strong
3_-_108050577_108050602	CD47	7day	3	3	0.9774011299435029	0.98989898989899	0.012497859955487023	0.012497859955487023	0.03914239113150008	0.017495462702715982	0.9322033898305084	1.0	0.9696969696969696	1.0	True	True	False	small
