ME	timepoint	ctrl_n_valid	activation_n_valid	ctrl_mean_PSI	activation_mean_PSI	delta_PSI_activation_minus_ctrl	abs_delta_PSI	ctrl_sd_PSI	activation_sd_PSI	ctrl_min_PSI	ctrl_max_PSI	activation_min_PSI	activation_max_PSI	valid_comparison	all_3_replicates_both_groups	complete_group_separation	effect_class
19_-_39390259_39390289	30min	3	3	0.32455296168054	0.6394278715772899	0.3148749098967499	0.3148749098967499	0.15830682675258917	0.05477618880418713	0.1836734693877551	0.4958677685950413	0.5785714285714286	0.6847826086956522	True	True	True	strong
5_+_32586491_32586501	30min	3	3	0.6422147722435079	0.28807471264367807	-0.3541400595998298	0.3541400595998298	0.2738668103741617	0.0211529193453096	0.396551724137931	0.9375	0.2758620689655172	0.3125	True	True	True	strong
15_-_50346371_50346395	30min	2	3	0.18039215686274504	0.5429292929292929	0.3625371360665479	0.3625371360665479	0.1608321306228226	0.1628934689178802	0.0666666666666666	0.2941176470588235	0.3636363636363636	0.6818181818181818	True	False	True	strong
8_-_27290155_27290178	30min	2	3	0.6053639846743295	0.9063492063492062	0.30098522167487674	0.30098522167487674	0.07043975598026907	0.10966174888518015	0.5555555555555556	0.6551724137931034	0.7857142857142857	1.0	True	False	True	strong
12_+_62566013_62566031	30min	2	2	0.7708333333333333	1.0	0.22916666666666674	0.22916666666666674	0.14731391274719743	0.0	0.6666666666666666	0.875	1.0	1.0	True	False	True	strong
15_-_78294945_78294973	30min	2	2	1.0	0.4230769230769231	-0.5769230769230769	0.5769230769230769	0.0	0.5983211225424633	1.0	1.0	0.0	0.8461538461538461	True	False	True	strong
15_+_42402123_42402135	30min	3	3	0.800358422939068	0.318732729259045	-0.481625693680023	0.481625693680023	0.28997656268461786	0.10151217429727041	0.4677419354838709	1.0	0.2571428571428571	0.4358974358974359	True	True	True	strong
6_-_166322856_166322886	30min	3	3	0.29201680672268904	0.6508699633699634	0.35885315664727435	0.35885315664727435	0.13684519827299377	0.27725512146203385	0.1428571428571428	0.4117647058823529	0.4285714285714285	0.9615384615384616	True	True	True	strong
5_+_57221375_57221396	3hr	3	3	0.7467343147410553	0.3970875047776161	-0.3496468099634392	0.3496468099634392	0.14307830943169886	0.06472475031630849	0.582089552238806	0.8409090909090909	0.3245614035087719	0.4489795918367347	True	True	True	strong
11_-_75271700_75271724	3hr	3	3	0.3101851851851852	0.5205128205128206	0.21032763532763538	0.21032763532763538	0.07897556532051844	0.07147364033213514	0.2222222222222222	0.375	0.4615384615384615	0.6	True	True	True	strong
16_+_70550649_70550678	3hr	3	3	0.6234819734345352	0.29579627843851564	-0.3276856949960195	0.3276856949960195	0.06651772478906715	0.22123059051728464	0.5483870967741935	0.675	0.1111111111111111	0.5409836065573771	True	True	True	strong
10_+_90895453_90895483	3hr	3	3	0.10897435897435896	0.3773007926574885	0.26832643368312953	0.26832643368312953	0.12804477150921909	0.023654370652085477	0.0	0.25	0.36	0.4042553191489361	True	True	True	strong
19_-_39390259_39390289	3hr	3	3	0.32455296168054	0.6488867630612528	0.3243338013807128	0.3243338013807128	0.15830682675258917	0.009414631959819652	0.1836734693877551	0.4958677685950413	0.6428571428571429	0.6597353497164461	True	True	True	strong
16_-_70679314_70679323	3hr	3	2	1.0	0.6846153846153846	-0.3153846153846154	0.3153846153846154	0.0	0.1196642245084927	1.0	1.0	0.6	0.7692307692307693	True	False	True	strong
14_+_103465423_103465450	3hr	3	3	0.46349206349206346	0.04	-0.4234920634920635	0.4234920634920635	0.08469410521875624	0.06928203230275509	0.3666666666666666	0.5238095238095238	0.0	0.12	True	True	True	strong
3_+_56559568_56559594	3hr	3	3	0.5038594149705261	0.8713219148001756	0.3674624998296495	0.3674624998296495	0.09731792235333765	0.11306415544186402	0.4054054054054054	0.6	0.7878787878787878	1.0	True	True	True	strong
6_-_85538837_85538864	3hr	3	3	0.5695806100217865	0.19376114081996434	-0.3758194692018222	0.3758194692018222	0.2779003998540212	0.14738062344308103	0.3823529411764705	0.8888888888888888	0.1	0.3636363636363636	True	True	True	strong
10_-_103105357_103105381	3hr	3	3	0.936936936936937	0.57698785742264	-0.359949079514297	0.359949079514297	0.10922842930614539	0.11462893374592324	0.8108108108108109	1.0	0.4782608695652174	0.7027027027027027	True	True	True	strong
14_-_21263310_21263336	3hr	3	3	0.2662915757673248	0.62492025481968	0.35862867905235524	0.35862867905235524	0.035171353339094054	0.023926083065277225	0.2273901808785529	0.295843520782396	0.6014814814814815	0.6493055555555556	True	True	True	strong
15_-_50346371_50346395	3hr	2	3	0.18039215686274504	0.46375590936260397	0.2833637524998589	0.2833637524998589	0.1608321306228226	0.07581340879829811	0.0666666666666666	0.2941176470588235	0.3766233766233766	0.5146443514644351	True	False	True	strong
8_-_27290155_27290178	3hr	2	3	0.6053639846743295	0.9333333333333332	0.32796934865900373	0.32796934865900373	0.07043975598026907	0.11547005383792514	0.5555555555555556	0.6551724137931034	0.8	1.0	True	False	True	strong
13_+_25319325_25319350	3hr	3	3	0.13015873015873014	0.8377692266581156	0.7076104964993855	0.7076104964993855	0.11282130567566259	0.03897706351657527	0.0	0.2	0.8051948051948052	0.8809523809523809	True	True	True	strong
9_+_128609650_128609665	3hr	3	3	0.466284348864994	0.19318585380290024	-0.2730984950620937	0.2730984950620937	0.05445907591878369	0.01800732438338783	0.4111111111111111	0.52	0.175	0.2110091743119266	True	True	True	strong
16_+_57062158_57062173	3hr	3	3	0.2836302552063663	0.0296296296296296	-0.2540006255767367	0.2540006255767367	0.031395068642548526	0.05132002392796668	0.2486187845303867	0.3092783505154639	0.0	0.0888888888888888	True	True	True	strong
9_+_128627924_128627942	3hr	3	3	0.8596598520589435	0.5980025966487955	-0.26165725541014795	0.26165725541014795	0.042358047425289834	0.052467674946869006	0.8247422680412371	0.9067796610169492	0.5539568345323741	0.6560509554140127	True	True	True	strong
18_+_35972884_35972907	3hr	3	3	0.43948615177889055	0.8073112073112073	0.36782505553231676	0.36782505553231676	0.1873614725856069	0.05806630156525714	0.2231404958677686	0.5481481481481482	0.7532467532467533	0.8686868686868687	True	True	True	strong
10_-_119161054_119161081	3hr	2	3	0.8361111111111111	0.3666666666666667	-0.46944444444444444	0.46944444444444444	0.04321208107251124	0.32145502536643183	0.8055555555555556	0.8666666666666667	0.0	0.6	True	False	True	strong
11_+_121306458_121306486	3hr	3	3	0.496937283685404	0.012342826969406901	-0.4845944567159971	0.4845944567159971	0.20854129709688826	0.017088741236540007	0.3673469387755102	0.7375	0.0	0.0318471337579617	True	True	True	strong
6_+_43500743_43500772	3hr	3	3	0.8726425438596491	0.5757608617075111	-0.29688168215213806	0.29688168215213806	0.07525211789122284	0.08463207448555354	0.796875	0.9473684210526316	0.5057471264367817	0.6698113207547169	True	True	True	strong
2_+_135753538_135753567	3hr	3	3	0.165079365079365	0.37244428996253814	0.20736492488317315	0.20736492488317315	0.06660640700616267	0.02930553649297672	0.0892857142857142	0.2142857142857142	0.3428571428571428	0.4014598540145985	True	True	True	strong
10_+_110244827_110244857	3hr	3	3	0.6665316824645965	0.868266429242039	0.20173474677744252	0.20173474677744252	0.07799170217777676	0.07150359292782796	0.6037735849056604	0.7538461538461538	0.8051948051948052	0.945945945945946	True	True	True	strong
6_-_166322856_166322886	3hr	3	3	0.29201680672268904	0.5542667209333875	0.26224991421069843	0.26224991421069843	0.13684519827299377	0.0818405698039449	0.1428571428571428	0.4117647058823529	0.4814814814814814	0.6428571428571429	True	True	True	strong
12_-_56350411_56350432	3hr	3	3	0.3702693706870687	0.1550127713920817	-0.21525659929498703	0.21525659929498703	0.12028393536729551	0.10461280176271895	0.297029702970297	0.509090909090909	0.0344827586206896	0.2222222222222222	True	True	True	strong
4_+_88676217_88676241	12hr	3	2	0.9761904761904763	0.7638888888888888	-0.21230158730158744	0.21230158730158744	0.041239304942116105	0.019641855032959663	0.9285714285714286	1.0	0.75	0.7777777777777778	True	False	True	strong
5_+_57221375_57221396	12hr	3	3	0.7467343147410553	0.23439153439153435	-0.512342780349521	0.512342780349521	0.14307830943169886	0.04773354840749853	0.582089552238806	0.8409090909090909	0.2	0.2888888888888888	True	True	True	strong
4_-_142202739_142202766	12hr	3	3	0.4932191653577882	0.1026968200881244	-0.3905223452696638	0.3905223452696638	0.31919971567110417	0.069313975585125	0.1764705882352941	0.8148148148148148	0.0238095238095238	0.1538461538461538	True	True	True	strong
16_+_70550649_70550678	12hr	3	3	0.6234819734345352	0.09903401505576108	-0.5244479583787741	0.5244479583787741	0.06651772478906715	0.0206985926558702	0.5483870967741935	0.675	0.0754716981132075	0.1142857142857142	True	True	True	strong
12_-_122514711_122514728	12hr	3	3	0.3050934097200119	0.015384615384615366	-0.28970879433539654	0.28970879433539654	0.12278179444913952	0.02664693550105962	0.1764705882352941	0.4210526315789473	0.0	0.0461538461538461	True	True	True	strong
8_+_22539468_22539498	12hr	3	3	0.8673569023569024	0.6342592592592592	-0.23309764309764325	0.23309764309764325	0.05748442901303384	0.1105657914487258	0.8181818181818182	0.9305555555555556	0.5111111111111111	0.725	True	True	True	strong
11_+_63906087_63906114	12hr	3	3	0.0182310914018231	0.24716049382716046	0.22892940242533735	0.22892940242533735	0.016062994149005208	0.09325785699923424	0.0	0.0303030303030303	0.1481481481481481	0.3333333333333333	True	True	True	strong
22_-_41681539_41681559	12hr	3	3	0.24502804705750694	0.002624671916010467	-0.24240337514149649	0.24240337514149649	0.04304870151175994	0.004546065111729281	0.2011834319526627	0.2872340425531915	0.0	0.0078740157480314	True	True	True	strong
5_+_146481446_146481476	12hr	3	3	0.4722738218094255	0.0	-0.4722738218094255	0.4722738218094255	0.2049056012667931	0.0	0.2666666666666666	0.6764705882352942	0.0	0.0	True	True	True	strong
10_+_90895453_90895483	12hr	3	3	0.10897435897435896	0.4609727128628132	0.35199835388845424	0.35199835388845424	0.12804477150921909	0.02072664447759473	0.0	0.25	0.4403669724770642	0.4818181818181818	True	True	True	strong
19_-_39390259_39390289	12hr	3	3	0.32455296168054	0.6512355660530577	0.32668260437251767	0.32668260437251767	0.15830682675258917	0.009367444387715775	0.1836734693877551	0.4958677685950413	0.6414342629482072	0.6600985221674877	True	True	True	strong
2_+_101868028_101868037	12hr	3	3	0.07086077674312963	0.47442680776014107	0.40356603101701144	0.40356603101701144	0.08299099693073872	0.12502157741409017	0.0	0.1621621621621621	0.3333333333333333	0.5714285714285714	True	True	True	strong
16_-_70679314_70679323	12hr	3	3	1.0	0.4444444444444444	-0.5555555555555556	0.5555555555555556	0.0	0.09622504486493764	1.0	1.0	0.3333333333333333	0.5	True	True	True	strong
14_+_103465423_103465450	12hr	3	3	0.46349206349206346	0.0	-0.46349206349206346	0.46349206349206346	0.08469410521875624	0.0	0.3666666666666666	0.5238095238095238	0.0	0.0	True	True	True	strong
3_+_56559568_56559594	12hr	3	3	0.5038594149705261	0.9533333333333333	0.44947391836280715	0.44947391836280715	0.09731792235333765	0.05033222956847165	0.4054054054054054	0.6	0.9	1.0	True	True	True	strong
5_+_32586491_32586501	12hr	3	3	0.6422147722435079	0.1697712418300653	-0.47244353041344256	0.47244353041344256	0.2738668103741617	0.0480800480061719	0.396551724137931	0.9375	0.1372549019607843	0.225	True	True	True	strong
2_-_121409023_121409047	12hr	3	3	0.7836257309941521	0.35555555555555557	-0.42807017543859655	0.42807017543859655	0.1875908179221689	0.03849001794597508	0.6666666666666666	1.0	0.3333333333333333	0.4	True	True	True	strong
10_-_103105357_103105381	12hr	3	3	0.936936936936937	0.5334948320413436	-0.4034421048955934	0.4034421048955934	0.10922842930614539	0.08926603216637358	0.8108108108108109	1.0	0.4333333333333333	0.6046511627906976	True	True	True	strong
4_+_27007982_27008006	12hr	3	3	0.5048948670891573	0.18551587301587302	-0.3193789940732843	0.3193789940732843	0.16915544766542312	0.06549873349303202	0.3414634146341463	0.6792452830188679	0.119047619047619	0.25	True	True	True	strong
4_-_82899712_82899737	12hr	3	3	0.6198879551820728	0.0	-0.6198879551820728	0.6198879551820728	0.1384549947141068	0.0	0.5	0.7714285714285715	0.0	0.0	True	True	True	strong
1_+_161339561_161339588	12hr	3	3	0.26809269162210336	0.0	-0.26809269162210336	0.26809269162210336	0.2503595363331791	0.0	0.0588235294117647	0.5454545454545454	0.0	0.0	True	True	True	strong
14_-_21263310_21263336	12hr	3	3	0.2662915757673248	0.9155113022245005	0.6492197264571757	0.6492197264571757	0.035171353339094054	0.011393556449588072	0.2273901808785529	0.295843520782396	0.904688304997424	0.927400468384075	True	True	True	strong
11_+_70350993_70351023	12hr	2	3	0.569327731092437	0.17193173565722583	-0.3973959954352111	0.3973959954352111	0.30601680026140504	0.06930778841960722	0.3529411764705882	0.7857142857142857	0.1176470588235294	0.25	True	False	True	strong
15_-_50346371_50346395	12hr	2	3	0.18039215686274504	0.3831597965102458	0.20276763964750075	0.20276763964750075	0.1608321306228226	0.015270116171062843	0.0666666666666666	0.2941176470588235	0.3658536585365853	0.3947368421052631	True	False	True	strong
10_+_78040203_78040225	12hr	3	3	0.7310387120489756	0.13796618132008379	-0.5930725307288919	0.5930725307288919	0.024080731496342628	0.01342280180705964	0.7057627118644068	0.7537128712871287	0.1232876712328767	0.1496156120638675	True	True	True	strong
8_-_27290155_27290178	12hr	2	3	0.6053639846743295	0.9841518634622083	0.3787878787878788	0.3787878787878788	0.07043975598026907	0.015199482078480434	0.5555555555555556	0.6551724137931034	0.9696969696969696	1.0	True	False	True	strong
13_+_25319325_25319350	12hr	3	3	0.13015873015873014	1.0	0.8698412698412699	0.8698412698412699	0.11282130567566259	0.0	0.0	0.2	1.0	1.0	True	True	True	strong
12_+_62566013_62566031	12hr	2	3	0.7708333333333333	0.4021164021164021	-0.36871693121693117	0.36871693121693117	0.14731391274719743	0.06009426820952669	0.6666666666666666	0.875	0.3333333333333333	0.4444444444444444	True	False	True	strong
12_-_42322417_42322446	12hr	3	3	0.4367955721679126	0.0	-0.4367955721679126	0.4367955721679126	0.1621819132510978	0.0	0.2553191489361702	0.5675675675675675	0.0	0.0	True	True	True	strong
9_+_128609650_128609665	12hr	3	3	0.466284348864994	0.08215088402756963	-0.38413346483742433	0.38413346483742433	0.05445907591878369	0.052718753583708075	0.4111111111111111	0.52	0.0212765957446808	0.1126760563380281	True	True	True	strong
16_-_67236410_67236434	12hr	2	3	0.6451612903225806	0.0817094017094017	-0.563451888613179	0.563451888613179	0.5018177156807757	0.1087389110576197	0.2903225806451613	1.0	0.0	0.2051282051282051	True	False	True	strong
9_+_128627924_128627942	12hr	3	3	0.8596598520589435	0.6379209094124292	-0.22173894264651428	0.22173894264651428	0.042358047425289834	0.20367583004807457	0.8247422680412371	0.9067796610169492	0.4107142857142857	0.8041237113402062	True	True	True	strong
18_+_35972884_35972907	12hr	3	3	0.43948615177889055	0.7464638608014288	0.30697770902253824	0.30697770902253824	0.1873614725856069	0.0387466337066279	0.2231404958677686	0.5481481481481482	0.7142857142857143	0.7894736842105263	True	True	True	strong
15_+_42402123_42402135	12hr	3	2	0.800358422939068	0.0	-0.800358422939068	0.800358422939068	0.28997656268461786	0.0	0.4677419354838709	1.0	0.0	0.0	True	False	True	strong
1_+_42659227_42659251	12hr	3	3	0.728102304149776	0.9852692586331804	0.25716695448340443	0.25716695448340443	0.2214617038538123	0.012961832311344752	0.4893617021276595	0.926829268292683	0.975609756097561	1.0	True	True	True	strong
3_+_42630545_42630575	12hr	3	3	0.22160020226183183	0.6009752699407872	0.37937506767895535	0.37937506767895535	0.10181991799019743	0.10683403840341449	0.1571428571428571	0.3389830508474576	0.5333333333333333	0.7241379310344828	True	True	True	strong
19_-_38922237_38922267	12hr	3	3	0.521062271062271	0.8540863638902855	0.3330240928280145	0.3330240928280145	0.1994803154409984	0.0859946267906614	0.3846153846153846	0.75	0.7692307692307693	0.9411764705882352	True	True	True	strong
11_+_121306458_121306486	12hr	3	3	0.496937283685404	0.011904761904761899	-0.4850325217806421	0.4850325217806421	0.20854129709688826	0.020619652471058056	0.3673469387755102	0.7375	0.0	0.0357142857142857	True	True	True	strong
13_+_75840084_75840110	12hr	3	2	0.5626811594202898	1.0	0.43731884057971016	0.43731884057971016	0.3036800386056203	0.0	0.375	0.9130434782608696	1.0	1.0	True	False	True	strong
6_+_26373275_26373296	12hr	3	3	1.0	0.78676525290923	-0.21323474709076995	0.21323474709076995	0.0	0.1172618235397408	1.0	1.0	0.6565656565656566	0.8840579710144928	True	True	True	strong
6_+_43500743_43500772	12hr	3	3	0.8726425438596491	0.5477702669241816	-0.3248722769354675	0.3248722769354675	0.07525211789122284	0.15006579735119996	0.796875	0.9473684210526316	0.375	0.6456692913385826	True	True	True	strong
2_+_135753538_135753567	12hr	3	3	0.165079365079365	0.4668123684636554	0.30173300338429043	0.30173300338429043	0.06660640700616267	0.07651168608964921	0.0892857142857142	0.2142857142857142	0.3793103448275862	0.5211267605633803	True	True	True	strong
10_+_110244827_110244857	12hr	3	3	0.6665316824645965	0.9555555555555556	0.2890238730909591	0.2890238730909591	0.07799170217777676	0.07698003589195009	0.6037735849056604	0.7538461538461538	0.8666666666666667	1.0	True	True	True	strong
6_-_166322856_166322886	12hr	3	3	0.29201680672268904	0.5547201336675021	0.262703326944813	0.262703326944813	0.13684519827299377	0.047466742612339324	0.1428571428571428	0.4117647058823529	0.5	0.5847953216374269	True	True	True	strong
7_-_92577654_92577676	12hr	3	2	0.7471282593375617	0.3598484848484848	-0.38727977448907686	0.38727977448907686	0.027073712830453664	0.3910514774743786	0.7209302325581395	0.775	0.0833333333333333	0.6363636363636364	True	False	True	strong
10_-_12170899_12170908	12hr	3	3	0.7619047619047619	0.4844944508576547	-0.27741031104710717	0.27741031104710717	0.25084889887744616	0.012262032675941573	0.5	1.0	0.4708029197080292	0.4944649446494465	True	True	True	strong
21_+_34103496_34103519	12hr	3	3	0.47792580982236155	0.0583319225777326	-0.4195938872446289	0.4195938872446289	0.2646421684607243	0.011908661248479366	0.1724137931034483	0.6363636363636364	0.0446927374301676	0.0666666666666666	True	True	True	strong
19_-_5612539_5612567	12hr	3	3	0.7889192932671194	0.9950248756218905	0.20610558235477106	0.20610558235477106	0.02895860093993111	0.008617168196860111	0.7636363636363637	0.8205128205128205	0.9850746268656716	1.0	True	True	True	strong
6_+_26373386_26373413	12hr	3	3	1.0	0.7052287581699347	-0.2947712418300653	0.2947712418300653	0.0	0.15429682411533105	1.0	1.0	0.6	0.8823529411764706	True	True	True	strong
5_+_57221375_57221396	24hr	3	3	0.7467343147410553	0.2437694844247338	-0.5029648303163216	0.5029648303163216	0.14307830943169886	0.07519324128381494	0.582089552238806	0.8409090909090909	0.189873417721519	0.3296703296703296	True	True	True	strong
X_-_154357250_154357274	24hr	3	3	0.7339657009313675	0.4951533790096543	-0.2388123219217132	0.2388123219217132	0.018876043114411663	0.018454443695367594	0.7166666666666667	0.7540983606557377	0.4838056680161943	0.5164473684210527	True	True	True	strong
3_+_47819235_47819264	24hr	2	3	0.8125	0.5102707749766573	-0.3022292250233427	0.3022292250233427	0.2651650429449553	0.10402244054306582	0.625	1.0	0.4117647058823529	0.6190476190476191	True	False	True	strong
11_+_67416175_67416202	24hr	3	2	0.42372134038800696	0.8	0.3762786596119931	0.3762786596119931	0.18129455784052992	0.28284271247461906	0.2321428571428571	0.5925925925925926	0.6	1.0	True	False	True	strong
16_+_70550649_70550678	24hr	3	3	0.6234819734345352	0.08715659050448173	-0.5363253829300534	0.5363253829300534	0.06651772478906715	0.031476131275883744	0.5483870967741935	0.675	0.0523560209424083	0.1136363636363636	True	True	True	strong
12_-_122514711_122514728	24hr	3	3	0.3050934097200119	0.014184397163120567	-0.29090901255689133	0.29090901255689133	0.12278179444913952	0.024568096561260667	0.1764705882352941	0.4210526315789473	0.0	0.0425531914893617	True	True	True	strong
8_+_22539468_22539498	24hr	3	3	0.8673569023569024	0.557602554654876	-0.3097543477020265	0.3097543477020265	0.05748442901303384	0.06653769863873296	0.8181818181818182	0.9305555555555556	0.5	0.6304347826086957	True	True	True	strong
11_+_63906087_63906114	24hr	3	3	0.0182310914018231	0.23029439696106357	0.21206330555924047	0.21206330555924047	0.016062994149005208	0.13737640434083798	0.0	0.0303030303030303	0.1481481481481481	0.3888888888888889	True	True	True	strong
22_-_41681539_41681559	24hr	3	3	0.24502804705750694	0.0011695906432748332	-0.24385845641423212	0.24385845641423212	0.04304870151175994	0.0020257904182091778	0.2011834319526627	0.2872340425531915	0.0	0.0035087719298245	True	True	True	strong
5_+_146481446_146481476	24hr	3	3	0.4722738218094255	0.0	-0.4722738218094255	0.4722738218094255	0.2049056012667931	0.0	0.2666666666666666	0.6764705882352942	0.0	0.0	True	True	True	strong
10_+_90895453_90895483	24hr	3	3	0.10897435897435896	0.4962650731706712	0.3872907141963122	0.3872907141963122	0.12804477150921909	0.08927277347942901	0.0	0.25	0.3932038834951456	0.549645390070922	True	True	True	strong
19_-_39390259_39390289	24hr	3	3	0.32455296168054	0.6700053704379231	0.3454524087573831	0.3454524087573831	0.15830682675258917	0.09401489995296614	0.1836734693877551	0.4958677685950413	0.5982142857142857	0.7764227642276422	True	True	True	strong
16_-_70679314_70679323	24hr	3	2	1.0	0.46753246753246747	-0.5324675324675325	0.5324675324675325	0.0	0.1469312792075943	1.0	1.0	0.3636363636363636	0.5714285714285714	True	False	True	strong
14_+_103465423_103465450	24hr	3	3	0.46349206349206346	0.0	-0.46349206349206346	0.46349206349206346	0.08469410521875624	0.0	0.3666666666666666	0.5238095238095238	0.0	0.0	True	True	True	strong
12_-_57305639_57305663	24hr	3	3	0.1054673238408178	0.4608225108225108	0.355355186981693	0.355355186981693	0.09193593401562618	0.09659428917170301	0.0	0.1686746987951807	0.3809523809523809	0.5681818181818182	True	True	True	strong
3_+_56559568_56559594	24hr	3	3	0.5038594149705261	0.8680961663417803	0.3642367513712542	0.3642367513712542	0.09731792235333765	0.11493262907189307	0.4054054054054054	0.6	0.7894736842105263	1.0	True	True	True	strong
6_-_85538837_85538864	24hr	3	3	0.5695806100217865	0.20912698412698408	-0.36045362589480245	0.36045362589480245	0.2779003998540212	0.06645729594581266	0.3823529411764705	0.8888888888888888	0.1666666666666666	0.2857142857142857	True	True	True	strong
5_+_32586491_32586501	24hr	3	3	0.6422147722435079	0.0896851286728167	-0.5525296435706912	0.5525296435706912	0.2738668103741617	0.03562394123912025	0.396551724137931	0.9375	0.0490196078431372	0.1153846153846153	True	True	True	strong
10_-_103105357_103105381	24hr	3	3	0.936936936936937	0.33173726615972354	-0.6051996707772135	0.6051996707772135	0.10922842930614539	0.14896939385711047	0.8108108108108109	1.0	0.1951219512195122	0.490566037735849	True	True	True	strong
4_+_27007982_27008006	24hr	3	3	0.5048948670891573	0.14603174603174598	-0.35886312105741136	0.35886312105741136	0.16915544766542312	0.0667233319269324	0.3414634146341463	0.6792452830188679	0.0714285714285714	0.2	True	True	True	strong
4_-_82899712_82899737	24hr	3	3	0.6198879551820728	0.0	-0.6198879551820728	0.6198879551820728	0.1384549947141068	0.0	0.5	0.7714285714285715	0.0	0.0	True	True	True	strong
1_+_161339561_161339588	24hr	3	3	0.26809269162210336	0.005578800557880033	-0.26251389106422335	0.26251389106422335	0.2503595363331791	0.009662766011541816	0.0588235294117647	0.5454545454545454	0.0	0.0167364016736401	True	True	True	strong
14_-_21263310_21263336	24hr	3	3	0.2662915757673248	0.9222332079142245	0.6559416321468996	0.6559416321468996	0.035171353339094054	0.0060701045151810105	0.2273901808785529	0.295843520782396	0.9170476812540824	0.9289099526066352	True	True	True	strong
11_+_70350993_70351023	24hr	2	3	0.569327731092437	0.15822423775705197	-0.411103493335385	0.411103493335385	0.30601680026140504	0.11673115399689246	0.3529411764705882	0.7857142857142857	0.0689655172413793	0.2903225806451613	True	False	True	strong
10_+_78040203_78040225	24hr	3	3	0.7310387120489756	0.07154170214987267	-0.659497009899103	0.659497009899103	0.024080731496342628	0.008935784795189226	0.7057627118644068	0.7537128712871287	0.0614406779661017	0.0784157363104731	True	True	True	strong
8_-_27290155_27290178	24hr	2	3	0.6053639846743295	0.9714285714285715	0.366064586754242	0.366064586754242	0.07043975598026907	0.049487165930539305	0.5555555555555556	0.6551724137931034	0.9142857142857144	1.0	True	False	True	strong
13_+_25319325_25319350	24hr	3	3	0.13015873015873014	0.9869791666666666	0.8568204365079365	0.8568204365079365	0.11282130567566259	0.022552744890219755	0.0	0.2	0.9609375	1.0	True	True	True	strong
19_-_14152132_14152150	24hr	3	3	0.7839937071010797	0.5613819999065901	-0.22261170719448964	0.22261170719448964	0.1224276350731627	0.04723145495630658	0.6511627906976745	0.8923076923076924	0.5277777777777778	0.6153846153846154	True	True	True	strong
12_+_62566013_62566031	24hr	2	3	0.7708333333333333	0.2835249042145594	-0.48730842911877387	0.48730842911877387	0.14731391274719743	0.26219328905633144	0.6666666666666666	0.875	0.0	0.5172413793103449	True	False	True	strong
12_-_42322417_42322446	24hr	3	3	0.4367955721679126	0.008872532237818068	-0.4279230399300945	0.4279230399300945	0.1621819132510978	0.008061713809195577	0.2553191489361702	0.5675675675675675	0.0	0.0157480314960629	True	True	True	strong
9_+_128609650_128609665	24hr	3	3	0.466284348864994	0.04771687467267457	-0.41856747419231943	0.41856747419231943	0.05445907591878369	0.028974721137076546	0.4111111111111111	0.52	0.0142857142857142	0.0655737704918032	True	True	True	strong
16_-_67236410_67236434	24hr	2	3	0.6451612903225806	0.13733503618561083	-0.5078262541369698	0.5078262541369698	0.5018177156807757	0.04815091463901464	0.2903225806451613	1.0	0.0888888888888888	0.1851851851851851	True	False	True	strong
10_-_31839304_31839319	24hr	3	2	0.9824561403508772	0.0	-0.9824561403508772	0.9824561403508772	0.030386856273138165	0.0	0.9473684210526316	1.0	0.0	0.0	True	False	True	strong
9_+_128627924_128627942	24hr	3	3	0.8596598520589435	0.6515228895311242	-0.2081369625278192	0.2081369625278192	0.042358047425289834	0.025327532154293893	0.8247422680412371	0.9067796610169492	0.6293103448275862	0.6791044776119403	True	True	True	strong
18_+_35972884_35972907	24hr	3	3	0.43948615177889055	0.841726518130188	0.4022403663512974	0.4022403663512974	0.1873614725856069	0.016691762655999618	0.2231404958677686	0.5481481481481482	0.824	0.8571428571428571	True	True	True	strong
15_+_42402123_42402135	24hr	3	3	0.800358422939068	0.1238095238095238	-0.6765488991295442	0.6765488991295442	0.28997656268461786	0.15670935878004127	0.4677419354838709	1.0	0.0	0.3	True	True	True	strong
11_-_62852655_62852681	24hr	3	3	0.24504283865963813	0.0222222222222222	-0.22282061643741594	0.22282061643741594	0.025901167889486792	0.020971762320196496	0.2265625	0.2746478873239437	0.0	0.0416666666666666	True	True	True	strong
1_+_42659227_42659251	24hr	3	3	0.728102304149776	0.9408717007285162	0.21276939657874028	0.21276939657874028	0.2214617038538123	0.012891644793533387	0.4893617021276595	0.926829268292683	0.9320388349514565	0.955665024630542	True	True	True	strong
3_+_42630545_42630575	24hr	3	3	0.22160020226183183	0.7878787878787877	0.5662785856169559	0.5662785856169559	0.10181991799019743	0.04008714107673625	0.1571428571428571	0.3389830508474576	0.7575757575757576	0.8333333333333334	True	True	True	strong
19_-_38922237_38922267	24hr	3	3	0.521062271062271	0.9484684684684684	0.42740619740619745	0.42740619740619745	0.1994803154409984	0.04786251717450735	0.3846153846153846	0.75	0.9054054054054054	1.0	True	True	True	strong
11_+_121306458_121306486	24hr	3	3	0.496937283685404	0.0	-0.496937283685404	0.496937283685404	0.20854129709688826	0.0	0.3673469387755102	0.7375	0.0	0.0	True	True	True	strong
2_-_11218454_11218466	24hr	2	3	0.2857142857142857	1.0	0.7142857142857143	0.7142857142857143	0.40406101782088427	0.0	0.0	0.5714285714285714	1.0	1.0	True	False	True	strong
6_+_43500743_43500772	24hr	3	3	0.8726425438596491	0.5251059704184704	-0.3475365734411787	0.3475365734411787	0.07525211789122284	0.03187205344687375	0.796875	0.9473684210526316	0.4886363636363636	0.5476190476190477	True	True	True	strong
2_+_135753538_135753567	24hr	3	3	0.165079365079365	0.5327304173571857	0.36765105227782074	0.36765105227782074	0.06660640700616267	0.0559006542392954	0.0892857142857142	0.2142857142857142	0.4745762711864407	0.5860655737704918	True	True	True	strong
10_+_110244827_110244857	24hr	3	2	0.6665316824645965	1.0	0.3334683175354035	0.3334683175354035	0.07799170217777676	0.0	0.6037735849056604	0.7538461538461538	1.0	1.0	True	False	True	strong
6_-_166322856_166322886	24hr	3	3	0.29201680672268904	0.6380914739809642	0.3460746672582752	0.3460746672582752	0.13684519827299377	0.03551197060024474	0.1428571428571428	0.4117647058823529	0.61328125	0.6787709497206704	True	True	True	strong
21_+_34103496_34103519	24hr	3	3	0.47792580982236155	0.09050024533659373	-0.3874255644857678	0.3874255644857678	0.2646421684607243	0.02560847146670723	0.1724137931034483	0.6363636363636364	0.0610687022900763	0.1076923076923077	True	True	True	strong
19_-_5612539_5612567	24hr	3	3	0.7889192932671194	0.9966329966329966	0.20771370336587724	0.20771370336587724	0.02895860093993111	0.005831820900905284	0.7636363636363637	0.8205128205128205	0.98989898989899	1.0	True	True	True	strong
5_+_57221375_57221396	48hr	3	3	0.7467343147410553	0.1966078575611037	-0.5501264571799517	0.5501264571799517	0.14307830943169886	0.0382762653290782	0.582089552238806	0.8409090909090909	0.1702127659574468	0.240506329113924	True	True	True	strong
11_-_75271700_75271724	48hr	3	3	0.3101851851851852	0.1037037037037037	-0.2064814814814815	0.2064814814814815	0.07897556532051844	0.10020555006273099	0.2222222222222222	0.375	0.0	0.2	True	True	True	strong
X_-_154357250_154357274	48hr	3	3	0.7339657009313675	0.5303536851645861	-0.20361201576678134	0.20361201576678134	0.018876043114411663	0.03152067391939705	0.7166666666666667	0.7540983606557377	0.5100574712643678	0.5666666666666667	True	True	True	strong
16_+_70550649_70550678	48hr	3	3	0.6234819734345352	0.14460526286454464	-0.4788767105699905	0.4788767105699905	0.06651772478906715	0.028653826098890618	0.5483870967741935	0.675	0.1245283018867924	0.1774193548387097	True	True	True	strong
12_-_122514711_122514728	48hr	3	3	0.3050934097200119	0.012820512820512801	-0.29227289689949915	0.29227289689949915	0.12278179444913952	0.02220577958421634	0.1764705882352941	0.4210526315789473	0.0	0.0384615384615384	True	True	True	strong
22_-_41681539_41681559	48hr	3	3	0.24502804705750694	0.0020242914979757003	-0.24300375555953124	0.24300375555953124	0.04304870151175994	0.0035061757238236233	0.2011834319526627	0.2872340425531915	0.0	0.0060728744939271	True	True	True	strong
5_+_65655635_65655653	48hr	3	3	1.0	0.7337873470925276	-0.2662126529074724	0.2662126529074724	0.0	0.16379459120773468	1.0	1.0	0.5581395348837209	0.8823529411764706	True	True	True	strong
5_+_146481446_146481476	48hr	3	3	0.4722738218094255	0.0	-0.4722738218094255	0.4722738218094255	0.2049056012667931	0.0	0.2666666666666666	0.6764705882352942	0.0	0.0	True	True	True	strong
8_-_140426614_140426641	48hr	3	2	0.821501014198783	0.4128205128205128	-0.40868050137827017	0.40868050137827017	0.15681756594491258	0.3952545597401727	0.7058823529411765	1.0	0.1333333333333333	0.6923076923076923	True	False	True	strong
10_+_90895453_90895483	48hr	3	3	0.10897435897435896	0.5362356621123695	0.42726130313801053	0.42726130313801053	0.12804477150921909	0.047811116696067094	0.0	0.25	0.4882506527415143	0.5838709677419355	True	True	True	strong
19_-_39390259_39390289	48hr	3	3	0.32455296168054	0.6810648945770778	0.35651193289653776	0.35651193289653776	0.15830682675258917	0.03926025068032415	0.1836734693877551	0.4958677685950413	0.6411764705882353	0.7196652719665272	True	True	True	strong
2_+_101868028_101868037	48hr	3	3	0.07086077674312963	0.3317230273752012	0.2608622506320716	0.2608622506320716	0.08299099693073872	0.10073104137219592	0.0	0.1621621621621621	0.217391304347826	0.4074074074074074	True	True	True	strong
16_-_70679314_70679323	48hr	3	3	1.0	0.26519607843137255	-0.7348039215686275	0.7348039215686275	0.0	0.1817847726723772	1.0	1.0	0.125	0.4705882352941176	True	True	True	strong
14_+_103465423_103465450	48hr	3	3	0.46349206349206346	0.0	-0.46349206349206346	0.46349206349206346	0.08469410521875624	0.0	0.3666666666666666	0.5238095238095238	0.0	0.0	True	True	True	strong
3_+_56559568_56559594	48hr	3	3	0.5038594149705261	0.8541666666666666	0.3503072516961405	0.3503072516961405	0.09731792235333765	0.1301041249666333	0.4054054054054054	0.6	0.75	1.0	True	True	True	strong
6_-_85538837_85538864	48hr	3	3	0.5695806100217865	0.1152882205513784	-0.4542923894704081	0.4542923894704081	0.2779003998540212	0.08673815779785565	0.3823529411764705	0.8888888888888888	0.0526315789473684	0.2142857142857142	True	True	True	strong
5_+_32586491_32586501	48hr	3	3	0.6422147722435079	0.020447268234878798	-0.6217675040086291	0.6217675040086291	0.2738668103741617	0.022313670630778996	0.396551724137931	0.9375	0.0	0.0442477876106194	True	True	True	strong
X_+_150712341_150712365	48hr	3	3	1.0	0.7646464646464647	-0.23535353535353531	0.23535353535353531	0.0	0.03640569957765678	1.0	1.0	0.7272727272727273	0.8	True	True	True	strong
10_-_103105357_103105381	48hr	3	3	0.936936936936937	0.45979532163742687	-0.47714161529951016	0.47714161529951016	0.10922842930614539	0.07093657043250368	0.8108108108108109	1.0	0.4166666666666667	0.5416666666666666	True	True	True	strong
4_+_27007982_27008006	48hr	3	3	0.5048948670891573	0.08932461873638343	-0.4155702483527739	0.4155702483527739	0.16915544766542312	0.08066888270838178	0.3414634146341463	0.6792452830188679	0.0	0.1568627450980392	True	True	True	strong
4_-_82899712_82899737	48hr	3	3	0.6198879551820728	0.1111111111111111	-0.5087768440709617	0.5087768440709617	0.1384549947141068	0.19245008972987526	0.5	0.7714285714285715	0.0	0.3333333333333333	True	True	True	strong
1_+_161339561_161339588	48hr	3	3	0.26809269162210336	0.006293706293706233	-0.2617989853283971	0.2617989853283971	0.2503595363331791	0.008064729087182344	0.0588235294117647	0.5454545454545454	0.0	0.0153846153846153	True	True	True	strong
14_-_65101545_65101572	48hr	3	3	0.8998694885361552	0.6736714975845409	-0.2261979909516143	0.2261979909516143	0.08459637863670637	0.05655115052940105	0.8148148148148148	0.984	0.6231884057971014	0.7347826086956522	True	True	True	strong
14_-_21263310_21263336	48hr	3	3	0.2662915757673248	0.9553807628334945	0.6890891870661697	0.6890891870661697	0.035171353339094054	0.001995618391890323	0.2273901808785529	0.295843520782396	0.9535714285714286	0.95752123938031	True	True	True	strong
11_+_70350993_70351023	48hr	2	3	0.569327731092437	0.10348583877995639	-0.4658418923124806	0.4658418923124806	0.30601680026140504	0.1340400553580922	0.3529411764705882	0.7857142857142857	0.0	0.2549019607843137	True	False	True	strong
15_-_50346371_50346395	48hr	2	3	0.18039215686274504	0.4551033591731266	0.2747112023103816	0.2747112023103816	0.1608321306228226	0.05424722129874822	0.0666666666666666	0.2941176470588235	0.4069767441860465	0.5138888888888888	True	False	True	strong
10_+_78040203_78040225	48hr	3	3	0.7310387120489756	0.017489994079511368	-0.7135487179694643	0.7135487179694643	0.024080731496342628	0.0018883297741902254	0.7057627118644068	0.7537128712871287	0.0153266331658291	0.0188076650106458	True	True	True	strong
10_+_99750368_99750396	48hr	3	3	1.0	0.7960340545689597	-0.2039659454310403	0.2039659454310403	0.0	0.10666564449300223	1.0	1.0	0.704225352112676	0.9130434782608696	True	True	True	strong
8_-_27290155_27290178	48hr	2	3	0.6053639846743295	0.9702021653731915	0.364838180698862	0.364838180698862	0.07043975598026907	0.030644727604628785	0.5555555555555556	0.6551724137931034	0.9387755102040816	1.0	True	False	True	strong
13_+_25319325_25319350	48hr	3	3	0.13015873015873014	0.9816883219151115	0.8515295917563813	0.8515295917563813	0.11282130567566259	0.005102252849370305	0.0	0.2	0.976470588235294	0.9866666666666668	True	True	True	strong
17_-_16151589_16151616	48hr	3	3	0.2159090909090909	0.4813492063492064	0.2654401154401155	0.2654401154401155	0.19384911487763615	0.04183780048602811	0.0	0.375	0.4375	0.5208333333333334	True	True	True	strong
22_+_30023456_30023483	48hr	3	2	0.4352770885028949	0.0	-0.4352770885028949	0.4352770885028949	0.2469857923495381	0.0	0.2307692307692307	0.7096774193548387	0.0	0.0	True	False	True	strong
15_-_52348817_52348826	48hr	3	3	0.9509803921568628	0.3421717171717171	-0.6088086749851457	0.6088086749851457	0.08490445135141557	0.02942217221649254	0.8529411764705882	1.0	0.3181818181818182	0.375	True	True	True	strong
12_-_42322417_42322446	48hr	3	3	0.4367955721679126	0.01587301587301587	-0.4209225562948967	0.4209225562948967	0.1621819132510978	0.02749286996141074	0.2553191489361702	0.5675675675675675	0.0	0.0476190476190476	True	True	True	strong
9_+_128609650_128609665	48hr	3	3	0.466284348864994	0.1022263450834879	-0.3640580037815061	0.3640580037815061	0.05445907591878369	0.04215913932217939	0.4111111111111111	0.52	0.0612244897959183	0.1454545454545454	True	True	True	strong
16_-_67236410_67236434	48hr	2	3	0.6451612903225806	0.0971993867756843	-0.5479619035468963	0.5479619035468963	0.5018177156807757	0.021623192996293047	0.2903225806451613	1.0	0.078125	0.1206896551724138	True	False	True	strong
16_+_57062158_57062173	48hr	3	3	0.2836302552063663	0.038430904022301864	-0.24519935118406444	0.24519935118406444	0.031395068642548526	0.051368165789461795	0.2486187845303867	0.3092783505154639	0.0	0.0967741935483871	True	True	True	strong
18_+_35972884_35972907	48hr	3	3	0.43948615177889055	0.9057311523797811	0.4662450006008905	0.4662450006008905	0.1873614725856069	0.043832900875639215	0.2231404958677686	0.5481481481481482	0.8554913294797688	0.9361702127659576	True	True	True	strong
11_-_62852655_62852681	48hr	3	3	0.24504283865963813	0.024358130348913733	-0.2206847083107244	0.2206847083107244	0.025901167889486792	0.021524401216947726	0.2265625	0.2746478873239437	0.0	0.0408163265306122	True	True	True	strong
3_+_42630545_42630575	48hr	3	3	0.22160020226183183	0.9487179487179488	0.7271177464561169	0.7271177464561169	0.10181991799019743	0.0888231183368655	0.1571428571428571	0.3389830508474576	0.8461538461538461	1.0	True	True	True	strong
19_-_38922237_38922267	48hr	3	3	0.521062271062271	0.9226190476190476	0.4015567765567766	0.4015567765567766	0.1994803154409984	0.13402774106187737	0.3846153846153846	0.75	0.7678571428571429	1.0	True	True	True	strong
11_+_121306458_121306486	48hr	3	3	0.496937283685404	0.0	-0.496937283685404	0.496937283685404	0.20854129709688826	0.0	0.3673469387755102	0.7375	0.0	0.0	True	True	True	strong
6_+_26409893_26409914	48hr	3	2	0.8085531415959721	0.4636363636363636	-0.3449167779596085	0.3449167779596085	0.0504478027050267	0.3728381209892705	0.7653631284916201	0.864	0.2	0.7272727272727273	True	False	True	strong
6_+_26448727_26448754	48hr	3	3	0.34245516388373526	0.5832772166105499	0.24082205272681462	0.24082205272681462	0.043659250294963974	0.15625447274110082	0.3163265306122449	0.3928571428571428	0.4090909090909091	0.7111111111111111	True	True	True	strong
6_+_43500743_43500772	48hr	3	3	0.8726425438596491	0.5211056644880174	-0.3515368793716317	0.3515368793716317	0.07525211789122284	0.05671537400686956	0.796875	0.9473684210526316	0.4558823529411764	0.5588235294117647	True	True	True	strong
2_+_135753538_135753567	48hr	3	3	0.165079365079365	0.5393638037028824	0.3742844386235174	0.3742844386235174	0.06660640700616267	0.07459047749498654	0.0892857142857142	0.2142857142857142	0.4816753926701571	0.6235955056179775	True	True	True	strong
10_+_110244827_110244857	48hr	3	3	0.6665316824645965	1.0	0.3334683175354035	0.3334683175354035	0.07799170217777676	0.0	0.6037735849056604	0.7538461538461538	1.0	1.0	True	True	True	strong
6_-_166322856_166322886	48hr	3	3	0.29201680672268904	0.6222336693515199	0.3302168626288309	0.3302168626288309	0.13684519827299377	0.027247463239161135	0.1428571428571428	0.4117647058823529	0.5907859078590786	0.6387959866220736	True	True	True	strong
20_-_33669686_33669712	48hr	3	3	0.33455882352941174	0.6711270410195143	0.3365682174901025	0.3365682174901025	0.29601867255000974	0.061670197768564784	0.0	0.5625	0.6	0.7096774193548387	True	True	True	strong
7_-_92577654_92577676	48hr	3	2	0.7471282593375617	0.3628571428571429	-0.3842711164804188	0.3842711164804188	0.027073712830453664	0.10909647481163877	0.7209302325581395	0.775	0.2857142857142857	0.44	True	False	True	strong
10_-_12170899_12170908	48hr	3	3	0.7619047619047619	0.43761888589156944	-0.3242858760131924	0.3242858760131924	0.25084889887744616	0.030258185024451035	0.5	1.0	0.4033970276008493	0.4608294930875576	True	True	True	strong
21_+_34103496_34103519	48hr	3	3	0.47792580982236155	0.0882585626126659	-0.38966724720969564	0.38966724720969564	0.2646421684607243	0.05922017700288441	0.1724137931034483	0.6363636363636364	0.0306122448979591	0.1489361702127659	True	True	True	strong
19_-_5612539_5612567	48hr	3	3	0.7889192932671194	1.0	0.2110807067328806	0.2110807067328806	0.02895860093993111	0.0	0.7636363636363637	0.8205128205128205	1.0	1.0	True	True	True	strong
5_+_57221375_57221396	72hr	3	3	0.7467343147410553	0.24900213496704718	-0.4977321797740082	0.4977321797740082	0.14307830943169886	0.12130029287711028	0.582089552238806	0.8409090909090909	0.1729323308270676	0.3888888888888889	True	True	True	strong
X_-_154357250_154357274	72hr	3	3	0.7339657009313675	0.49600274042414766	-0.23796296050721982	0.23796296050721982	0.018876043114411663	0.020290262629361545	0.7166666666666667	0.7540983606557377	0.4746192893401015	0.5149863760217984	True	True	True	strong
16_+_70550649_70550678	72hr	3	3	0.6234819734345352	0.25591249434166685	-0.3675694790928683	0.3675694790928683	0.06651772478906715	0.0566977690065803	0.5483870967741935	0.675	0.1935483870967742	0.3043478260869565	True	True	True	strong
19_+_41897314_41897326	72hr	3	3	0.8748691516407558	0.34184284119851127	-0.5330263104422446	0.5330263104422446	0.0414520173907069	0.04527311401572023	0.8431372549019608	0.9217687074829932	0.3034188034188034	0.3917525773195876	True	True	True	strong
12_-_122514711_122514728	72hr	3	3	0.3050934097200119	0.0	-0.3050934097200119	0.3050934097200119	0.12278179444913952	0.0	0.1764705882352941	0.4210526315789473	0.0	0.0	True	True	True	strong
11_+_63906087_63906114	72hr	3	3	0.0182310914018231	0.24854921467141664	0.23031812326959353	0.23031812326959353	0.016062994149005208	0.03395907760931389	0.0	0.0303030303030303	0.2105263157894736	0.2758620689655172	True	True	True	strong
22_-_41681539_41681559	72hr	3	3	0.24502804705750694	0.0040738298324702665	-0.24095421722503668	0.24095421722503668	0.04304870151175994	0.005307247934182702	0.2011834319526627	0.2872340425531915	0.0	0.0100755667506297	True	True	True	strong
5_+_146481446_146481476	72hr	3	3	0.4722738218094255	0.0	-0.4722738218094255	0.4722738218094255	0.2049056012667931	0.0	0.2666666666666666	0.6764705882352942	0.0	0.0	True	True	True	strong
10_+_90895453_90895483	72hr	3	3	0.10897435897435896	0.5874332027457753	0.4784588437714163	0.4784588437714163	0.12804477150921909	0.031927462201844295	0.0	0.25	0.5506172839506173	0.6075156576200418	True	True	True	strong
19_-_39390259_39390289	72hr	3	3	0.32455296168054	0.696941957293291	0.372388995612751	0.372388995612751	0.15830682675258917	0.057625265473614774	0.1836734693877551	0.4958677685950413	0.6540880503144654	0.7624521072796935	True	True	True	strong
6_-_32181605_32181632	72hr	3	3	0.44051932367149754	0.8706097823744883	0.43009045870299073	0.43009045870299073	0.24536960666275687	0.054456915434690965	0.25	0.717391304347826	0.8205128205128205	0.9285714285714286	True	True	True	strong
1_+_28457831_28457855	72hr	2	2	0.15625	0.42727272727272725	0.27102272727272725	0.27102272727272725	0.2209708691207961	0.038569460791993436	0.0	0.3125	0.4	0.4545454545454545	True	False	True	strong
14_+_103465423_103465450	72hr	3	3	0.46349206349206346	0.0	-0.46349206349206346	0.46349206349206346	0.08469410521875624	0.0	0.3666666666666666	0.5238095238095238	0.0	0.0	True	True	True	strong
3_+_56559568_56559594	72hr	3	3	0.5038594149705261	0.8397435897435898	0.33588417477306365	0.33588417477306365	0.09731792235333765	0.1391188103475045	0.4054054054054054	0.6	0.75	1.0	True	True	True	strong
6_-_85538837_85538864	72hr	3	3	0.5695806100217865	0.21333333333333335	-0.35624727668845313	0.35624727668845313	0.2779003998540212	0.18903262505010432	0.3823529411764705	0.8888888888888888	0.0	0.36	True	True	True	strong
5_+_32586491_32586501	72hr	3	3	0.6422147722435079	0.006535947712418301	-0.6356788245310896	0.6356788245310896	0.2738668103741617	0.011320593513522074	0.396551724137931	0.9375	0.0	0.0196078431372549	True	True	True	strong
2_-_121409023_121409047	72hr	3	3	0.7836257309941521	0.15555555555555553	-0.6280701754385966	0.6280701754385966	0.1875908179221689	0.21430335024428793	0.6666666666666666	1.0	0.0	0.4	True	True	True	strong
10_-_103105357_103105381	72hr	3	3	0.936936936936937	0.452991452991453	-0.48394548394548403	0.48394548394548403	0.10922842930614539	0.1890029434828716	0.8108108108108109	1.0	0.3076923076923077	0.6666666666666666	True	True	True	strong
4_-_82899712_82899737	72hr	3	3	0.6198879551820728	0.13862433862433857	-0.4812636165577343	0.4812636165577343	0.1384549947141068	0.12378238747521218	0.5	0.7714285714285715	0.0	0.238095238095238	True	True	True	strong
1_+_161339561_161339588	72hr	3	3	0.26809269162210336	0.0	-0.26809269162210336	0.26809269162210336	0.2503595363331791	0.0	0.0588235294117647	0.5454545454545454	0.0	0.0	True	True	True	strong
14_-_65101545_65101572	72hr	3	3	0.8998694885361552	0.6127623772006614	-0.2871071113354938	0.2871071113354938	0.08459637863670637	0.07549380577496236	0.8148148148148148	0.984	0.53	0.6778523489932886	True	True	True	strong
14_-_21263310_21263336	72hr	3	3	0.2662915757673248	0.9341180946725993	0.6678265189052746	0.6678265189052746	0.035171353339094054	0.020160196108767903	0.2273901808785529	0.295843520782396	0.9223300970873788	0.957396449704142	True	True	True	strong
8_+_144242601_144242628	72hr	3	3	0.8271873790166473	0.40317460317460313	-0.42401277584204417	0.42401277584204417	0.13423432668884475	0.2619191915216928	0.7142857142857143	0.975609756097561	0.1428571428571428	0.6666666666666666	True	True	True	strong
11_+_70350993_70351023	72hr	2	3	0.569327731092437	0.10066476733143397	-0.46866296376100297	0.46866296376100297	0.30601680026140504	0.08722478634913604	0.3529411764705882	0.7857142857142857	0.0	0.1538461538461538	True	False	True	strong
15_-_50346371_50346395	72hr	2	3	0.18039215686274504	0.5280382423239566	0.34764608546121156	0.34764608546121156	0.1608321306228226	0.0961929251537936	0.0666666666666666	0.2941176470588235	0.4489795918367347	0.6351351351351351	True	False	True	strong
10_+_78040203_78040225	72hr	3	3	0.7310387120489756	0.05126541882883764	-0.679773293220138	0.679773293220138	0.024080731496342628	0.006061289824752078	0.7057627118644068	0.7537128712871287	0.0473731077471059	0.0582491005653589	True	True	True	strong
10_+_99750368_99750396	72hr	3	3	1.0	0.7704387744208391	-0.22956122557916092	0.22956122557916092	0.0	0.06429434366750009	1.0	1.0	0.7210526315789474	0.8431372549019608	True	True	True	strong
8_-_27290155_27290178	72hr	2	3	0.6053639846743295	0.8845538215286114	0.2791898368542819	0.2791898368542819	0.07043975598026907	0.13555374179107024	0.5555555555555556	0.6551724137931034	0.7352941176470589	1.0	True	False	True	strong
13_+_25319325_25319350	72hr	3	3	0.13015873015873014	0.9603174603174603	0.8301587301587302	0.8301587301587302	0.11282130567566259	0.06873217490352689	0.0	0.2	0.8809523809523809	1.0	True	True	True	strong
17_-_16151589_16151616	72hr	3	3	0.2159090909090909	0.6157796451914098	0.3998705542823189	0.3998705542823189	0.19384911487763615	0.18031000385295679	0.0	0.375	0.5	0.8235294117647058	True	True	True	strong
12_+_62566013_62566031	72hr	2	3	0.7708333333333333	0.0909090909090909	-0.6799242424242423	0.6799242424242423	0.14731391274719743	0.1574591643244434	0.6666666666666666	0.875	0.0	0.2727272727272727	True	False	True	strong
12_-_42322417_42322446	72hr	3	3	0.4367955721679126	0.0	-0.4367955721679126	0.4367955721679126	0.1621819132510978	0.0	0.2553191489361702	0.5675675675675675	0.0	0.0	True	True	True	strong
6_+_31587943_31587966	72hr	3	3	0.6639249639249639	0.16780269482238921	-0.49612226910257473	0.49612226910257473	0.2525670136567699	0.05464720572995007	0.3857142857142857	0.8787878787878788	0.1240310077519379	0.2290502793296089	True	True	True	strong
9_+_128609650_128609665	72hr	3	3	0.466284348864994	0.07181032750653003	-0.39447402135846393	0.39447402135846393	0.05445907591878369	0.06972351775095048	0.4111111111111111	0.52	0.0	0.1392405063291139	True	True	True	strong
16_-_67236410_67236434	72hr	2	3	0.6451612903225806	0.09167363363521097	-0.5534876566873697	0.5534876566873697	0.5018177156807757	0.09499470733550824	0.2903225806451613	1.0	0.0077519379844961	0.1948051948051948	True	False	True	strong
19_+_18122106_18122127	72hr	3	3	0.2857142857142857	1.0	0.7142857142857143	0.7142857142857143	0.49487165930539345	0.0	0.0	0.8571428571428571	1.0	1.0	True	True	True	strong
9_+_128627924_128627942	72hr	3	3	0.8596598520589435	0.6219790353964781	-0.23768081666246532	0.23768081666246532	0.042358047425289834	0.07427957362237027	0.8247422680412371	0.9067796610169492	0.549618320610687	0.6980392156862745	True	True	True	strong
18_+_35972884_35972907	72hr	3	3	0.43948615177889055	0.7852026027802426	0.345716451001352	0.345716451001352	0.1873614725856069	0.07288766735372043	0.2231404958677686	0.5481481481481482	0.7282608695652174	0.8673469387755102	True	True	True	strong
15_+_42402123_42402135	72hr	3	2	0.800358422939068	0.3055555555555555	-0.4948028673835125	0.4948028673835125	0.28997656268461786	0.19641855032959657	0.4677419354838709	1.0	0.1666666666666666	0.4444444444444444	True	False	True	strong
19_-_38922237_38922267	72hr	3	3	0.521062271062271	0.9885057471264368	0.4674434760641658	0.4674434760641658	0.1994803154409984	0.019908629972056037	0.3846153846153846	0.75	0.9655172413793104	1.0	True	True	True	strong
11_+_121306458_121306486	72hr	3	3	0.496937283685404	0.0	-0.496937283685404	0.496937283685404	0.20854129709688826	0.0	0.3673469387755102	0.7375	0.0	0.0	True	True	True	strong
13_+_75840084_75840110	72hr	3	2	0.5626811594202898	1.0	0.43731884057971016	0.43731884057971016	0.3036800386056203	0.0	0.375	0.9130434782608696	1.0	1.0	True	False	True	strong
1_+_66984571_66984592	72hr	3	3	0.0254237288135593	0.4405328333138013	0.41510910450024197	0.41510910450024197	0.04403519002293752	0.3409915962357926	0.0	0.0762711864406779	0.1886792452830188	0.8285714285714286	True	True	True	strong
6_+_43500743_43500772	72hr	3	3	0.8726425438596491	0.5684969607662552	-0.3041455830933939	0.3041455830933939	0.07525211789122284	0.1320983396534046	0.796875	0.9473684210526316	0.4269662921348314	0.6885245901639344	True	True	True	strong
2_+_135753538_135753567	72hr	3	3	0.165079365079365	0.4188519339738852	0.2537725688945202	0.2537725688945202	0.06660640700616267	0.03407038048036212	0.0892857142857142	0.2142857142857142	0.3983739837398374	0.4581818181818182	True	True	True	strong
10_+_110244827_110244857	72hr	3	3	0.6665316824645965	1.0	0.3334683175354035	0.3334683175354035	0.07799170217777676	0.0	0.6037735849056604	0.7538461538461538	1.0	1.0	True	True	True	strong
6_-_166322856_166322886	72hr	3	3	0.29201680672268904	0.605756905249291	0.313740098526602	0.313740098526602	0.13684519827299377	0.037146424165126264	0.1428571428571428	0.4117647058823529	0.5800865800865801	0.6483516483516484	True	True	True	strong
10_-_12170899_12170908	72hr	3	3	0.7619047619047619	0.42520609708547424	-0.3366986648192876	0.3366986648192876	0.25084889887744616	0.0224900562124661	0.5	1.0	0.4071005917159763	0.4503816793893129	True	True	True	strong
21_+_34103496_34103519	72hr	3	3	0.47792580982236155	0.0968089708237785	-0.38111683899858306	0.38111683899858306	0.2646421684607243	0.06423076183843031	0.1724137931034483	0.6363636363636364	0.0566037735849056	0.170886075949367	True	True	True	strong
5_+_57221375_57221396	7day	3	3	0.7467343147410553	0.2873510577132774	-0.45938325702777794	0.45938325702777794	0.14307830943169886	0.06221588019520595	0.582089552238806	0.8409090909090909	0.2235294117647059	0.3478260869565217	True	True	True	strong
X_-_154357250_154357274	7day	3	3	0.7339657009313675	0.5109959029142223	-0.22296979801714523	0.22296979801714523	0.018876043114411663	0.016347529948219395	0.7166666666666667	0.7540983606557377	0.4962593516209476	0.5285802089735709	True	True	True	strong
16_+_70550649_70550678	7day	3	3	0.6234819734345352	0.25378202227876506	-0.3696999511557701	0.3696999511557701	0.06651772478906715	0.12049927158028025	0.5483870967741935	0.675	0.1308411214953271	0.3716814159292035	True	True	True	strong
19_+_41897314_41897326	7day	3	3	0.8748691516407558	0.5563642274725064	-0.3185049241682495	0.3185049241682495	0.0414520173907069	0.05164578788955234	0.8431372549019608	0.9217687074829932	0.4971857410881801	0.5923344947735192	True	True	True	strong
12_-_122514711_122514728	7day	3	3	0.3050934097200119	0.03381642512077294	-0.271276984599239	0.271276984599239	0.12278179444913952	0.05857176643952723	0.1764705882352941	0.4210526315789473	0.0	0.1014492753623188	True	True	True	strong
22_-_41681539_41681559	7day	3	3	0.24502804705750694	0.023101183270657365	-0.2219268637868496	0.2219268637868496	0.04304870151175994	0.015534860752702832	0.2011834319526627	0.2872340425531915	0.0058823529411764	0.0360655737704918	True	True	True	strong
5_+_65655635_65655653	7day	3	3	1.0	0.7222222222222223	-0.2777777777777777	0.2777777777777777	0.0	0.1924500897298753	1.0	1.0	0.5	0.8333333333333334	True	True	True	strong
5_+_146481446_146481476	7day	3	3	0.4722738218094255	0.0	-0.4722738218094255	0.4722738218094255	0.2049056012667931	0.0	0.2666666666666666	0.6764705882352942	0.0	0.0	True	True	True	strong
10_+_90895453_90895483	7day	3	3	0.10897435897435896	0.4812510337624493	0.37227667478809034	0.37227667478809034	0.12804477150921909	0.06278855286314627	0.0	0.25	0.4232804232804232	0.547945205479452	True	True	True	strong
19_-_39390259_39390289	7day	3	3	0.32455296168054	0.687744373475483	0.363191411794943	0.363191411794943	0.15830682675258917	0.0423027974262882	0.1836734693877551	0.4958677685950413	0.6411042944785276	0.7236363636363636	True	True	True	strong
2_+_101868028_101868037	7day	3	3	0.07086077674312963	0.32789115646258504	0.2570303797194554	0.2570303797194554	0.08299099693073872	0.15999704981314555	0.0	0.1621621621621621	0.1836734693877551	0.5	True	True	True	strong
14_+_103465423_103465450	7day	3	3	0.46349206349206346	0.015151515151515133	-0.4483405483405483	0.4483405483405483	0.08469410521875624	0.026243194054073868	0.3666666666666666	0.5238095238095238	0.0	0.0454545454545454	True	True	True	strong
12_-_57305639_57305663	7day	3	2	0.1054673238408178	0.6234817813765182	0.5180144575357004	0.5180144575357004	0.09193593401562618	0.011451121962535135	0.0	0.1686746987951807	0.6153846153846154	0.631578947368421	True	False	True	strong
3_+_56559568_56559594	7day	3	3	0.5038594149705261	0.9606481481481483	0.45678873317762214	0.45678873317762214	0.09731792235333765	0.03425613098830728	0.4054054054054054	0.6	0.9375	1.0	True	True	True	strong
6_-_85538837_85538864	7day	3	3	0.5695806100217865	0.2938859272538567	-0.2756946827679298	0.2756946827679298	0.2779003998540212	0.06722277389105565	0.3823529411764705	0.8888888888888888	0.2272727272727272	0.3617021276595745	True	True	True	strong
5_+_32586491_32586501	7day	3	3	0.6422147722435079	0.06627184547453427	-0.5759429267689736	0.5759429267689736	0.2738668103741617	0.046260685491026944	0.396551724137931	0.9375	0.0169491525423728	0.108695652173913	True	True	True	strong
10_-_103105357_103105381	7day	3	3	0.936936936936937	0.6474984171050068	-0.28943851983193025	0.28943851983193025	0.10922842930614539	0.15952080104494354	0.8108108108108109	1.0	0.4915254237288136	0.8103448275862069	True	True	True	strong
4_+_27007982_27008006	7day	3	3	0.5048948670891573	0.14789869628579302	-0.3569961708033643	0.3569961708033643	0.16915544766542312	0.030312623774384734	0.3414634146341463	0.6792452830188679	0.119047619047619	0.1794871794871795	True	True	True	strong
4_-_82899712_82899737	7day	3	3	0.6198879551820728	0.15311986863710994	-0.46676808654496293	0.46676808654496293	0.1384549947141068	0.05516270000108736	0.5	0.7714285714285715	0.1071428571428571	0.2142857142857142	True	True	True	strong
1_+_161339561_161339588	7day	3	3	0.26809269162210336	0.022124863088718468	-0.2459678285333849	0.2459678285333849	0.2503595363331791	0.024337142366149093	0.0588235294117647	0.5454545454545454	0.0	0.0481927710843373	True	True	True	strong
14_-_21263310_21263336	7day	3	3	0.2662915757673248	0.8087595336597996	0.5424679578924747	0.5424679578924747	0.035171353339094054	0.02926584926839412	0.2273901808785529	0.295843520782396	0.7777777777777778	0.8359375	True	True	True	strong
11_+_70350993_70351023	7day	2	3	0.569327731092437	0.21581196581196574	-0.35351576528047124	0.35351576528047124	0.30601680026140504	0.12566936711566337	0.3529411764705882	0.7857142857142857	0.0833333333333333	0.3333333333333333	True	False	True	strong
10_+_78040203_78040225	7day	3	3	0.7310387120489756	0.41428226706994414	-0.3167564449790315	0.3167564449790315	0.024080731496342628	0.008480824301901743	0.7057627118644068	0.7537128712871287	0.4045034829094444	0.4196254389387436	True	True	True	strong
8_-_27290155_27290178	7day	2	3	0.6053639846743295	0.9969135802469137	0.3915495955725842	0.3915495955725842	0.07043975598026907	0.0053458358258298274	0.5555555555555556	0.6551724137931034	0.9907407407407408	1.0	True	False	True	strong
13_+_25319325_25319350	7day	3	3	0.13015873015873014	0.9780723557028445	0.8479136255441143	0.8479136255441143	0.11282130567566259	0.0211722520334394	0.0	0.2	0.9577464788732394	1.0	True	True	True	strong
15_-_52348817_52348826	7day	3	3	0.9509803921568628	0.7469820152746983	-0.2039983768821645	0.2039983768821645	0.08490445135141557	0.07616777641978195	0.8529411764705882	1.0	0.6666666666666666	0.8181818181818182	True	True	True	strong
12_-_42322417_42322446	7day	3	3	0.4367955721679126	0.0018939393939393665	-0.4349016327739732	0.4349016327739732	0.1621819132510978	0.0032803992567591897	0.2553191489361702	0.5675675675675675	0.0	0.0056818181818181	True	True	True	strong
6_+_31587943_31587966	7day	3	3	0.6639249639249639	0.21047948957084273	-0.4534454743541212	0.4534454743541212	0.2525670136567699	0.013598597217307067	0.3857142857142857	0.8787878787878788	0.1976284584980237	0.2247191011235955	True	True	True	strong
16_-_67236410_67236434	7day	2	3	0.6451612903225806	0.14445970695970692	-0.5007015833628737	0.5007015833628737	0.5018177156807757	0.07131070332740257	0.2903225806451613	1.0	0.0625	0.1923076923076923	True	False	True	strong
16_+_57062158_57062173	7day	3	3	0.2836302552063663	0.06657393421685166	-0.21705632098951466	0.21705632098951466	0.031395068642548526	0.02531495308892724	0.2486187845303867	0.3092783505154639	0.044776119402985	0.0943396226415094	True	True	True	strong
18_+_35972884_35972907	7day	3	3	0.43948615177889055	0.7786580086580086	0.33917185687911805	0.33917185687911805	0.1873614725856069	0.0368285320536115	0.2231404958677686	0.5481481481481482	0.7380952380952381	0.81	True	True	True	strong
19_+_17861292_17861307	7day	3	3	0.032020298200669504	0.2518122898691619	0.21979199166849236	0.21979199166849236	0.006031811128787793	0.05061726391835043	0.0275862068965517	0.0388888888888888	0.2179487179487179	0.31	True	True	True	strong
1_+_42659227_42659251	7day	3	3	0.728102304149776	0.9687979539641942	0.24069564981441827	0.24069564981441827	0.2214617038538123	0.02957477345365482	0.4893617021276595	0.926829268292683	0.9411764705882352	1.0	True	True	True	strong
3_+_42630545_42630575	7day	3	3	0.22160020226183183	0.5394957983193277	0.31789559605749584	0.31789559605749584	0.10181991799019743	0.12658709282454148	0.1571428571428571	0.3389830508474576	0.4	0.6470588235294118	True	True	True	strong
19_-_38922237_38922267	7day	3	3	0.521062271062271	0.947114556416882	0.42605228535461104	0.42605228535461104	0.1994803154409984	0.04678739190586039	0.3846153846153846	0.75	0.9111111111111112	1.0	True	True	True	strong
11_+_121306458_121306486	7day	3	3	0.496937283685404	0.0	-0.496937283685404	0.496937283685404	0.20854129709688826	0.0	0.3673469387755102	0.7375	0.0	0.0	True	True	True	strong
2_-_11218454_11218466	7day	2	2	0.2857142857142857	1.0	0.7142857142857143	0.7142857142857143	0.40406101782088427	0.0	0.0	0.5714285714285714	1.0	1.0	True	False	True	strong
13_+_75840084_75840110	7day	3	3	0.5626811594202898	1.0	0.43731884057971016	0.43731884057971016	0.3036800386056203	0.0	0.375	0.9130434782608696	1.0	1.0	True	True	True	strong
6_+_26373275_26373296	7day	3	3	1.0	0.6886274509803921	-0.31137254901960787	0.31137254901960787	0.0	0.08138365149867148	1.0	1.0	0.6	0.76	True	True	True	strong
6_+_43500743_43500772	7day	3	3	0.8726425438596491	0.6314124381549712	-0.24123010570467796	0.24123010570467796	0.07525211789122284	0.14580578161243887	0.796875	0.9473684210526316	0.4680851063829787	0.7484662576687117	True	True	True	strong
2_+_135753538_135753567	7day	3	3	0.165079365079365	0.5160560016884691	0.3509766366091041	0.3509766366091041	0.06660640700616267	0.03104780406666101	0.0892857142857142	0.2142857142857142	0.4850746268656716	0.5471698113207547	True	True	True	strong
6_-_166322856_166322886	7day	3	3	0.29201680672268904	0.5818518518518518	0.2898350451291628	0.2898350451291628	0.13684519827299377	0.15666403990443037	0.1428571428571428	0.4117647058823529	0.44	0.75	True	True	True	strong
7_-_92577654_92577676	7day	3	2	0.7471282593375617	0.49999999999999994	-0.24712825933756172	0.24712825933756172	0.027073712830453664	0.10101525445522111	0.7209302325581395	0.775	0.4285714285714285	0.5714285714285714	True	False	True	strong
10_-_12170899_12170908	7day	3	3	0.7619047619047619	0.4415682119393041	-0.32033654996545774	0.32033654996545774	0.25084889887744616	0.018971139720886626	0.5	1.0	0.4257425742574257	0.4625984251968504	True	True	True	strong
19_-_5612539_5612567	7day	3	3	0.7889192932671194	1.0	0.2110807067328806	0.2110807067328806	0.02895860093993111	0.0	0.7636363636363637	0.8205128205128205	1.0	1.0	True	True	True	strong
6_+_26410005_26410032	7day	3	2	0.6289759146902004	0.25555555555555554	-0.3734203591346449	0.3734203591346449	0.08188073195641427	0.2042752923427804	0.5510204081632653	0.7142857142857143	0.1111111111111111	0.4	True	False	True	strong
6_+_26373386_26373413	7day	3	3	1.0	0.4583333333333333	-0.5416666666666667	0.5416666666666667	0.0	0.12332207155790616	1.0	1.0	0.375	0.6	True	True	True	strong
