ME	timepoint	whippet_Gene	whippet_Node	whippet_Type
15_+_42402123_42402135	30min	ENSG00000092529	19	CE
15_+_42402123_42402135	30min	ENSG00000258461	17	CE
4_-_82899712_82899737	30min	ENSG00000138674	6	CE
4_-_82899712_82899737	30min	ENSG00000251022	12	CE
6_-_85538837_85538864	30min	ENSG00000135317	72	CE
6_-_85538837_85538864	30min	ENSG00000271793	44	CE
15_+_42402123_42402135	3hr	ENSG00000092529	19	CE
15_+_42402123_42402135	3hr	ENSG00000258461	17	CE
4_-_82899712_82899737	3hr	ENSG00000138674	6	CE
4_-_82899712_82899737	3hr	ENSG00000251022	12	CE
6_-_85538837_85538864	3hr	ENSG00000135317	72	CE
6_-_85538837_85538864	3hr	ENSG00000271793	44	CE
15_+_42402123_42402135	12hr	ENSG00000092529	19	CE
15_+_42402123_42402135	12hr	ENSG00000258461	17	CE
4_-_82899712_82899737	12hr	ENSG00000138674	6	CE
4_-_82899712_82899737	12hr	ENSG00000251022	12	CE
6_-_85538837_85538864	12hr	ENSG00000135317	72	CE
6_-_85538837_85538864	12hr	ENSG00000271793	44	CE
15_+_42402123_42402135	24hr	ENSG00000092529	19	CE
15_+_42402123_42402135	24hr	ENSG00000258461	17	CE
6_-_85538837_85538864	24hr	ENSG00000135317	72	CE
6_-_85538837_85538864	24hr	ENSG00000271793	44	CE
4_-_82899712_82899737	48hr	ENSG00000138674	6	CE
4_-_82899712_82899737	48hr	ENSG00000251022	12	CE
6_-_85538837_85538864	48hr	ENSG00000135317	72	CE
6_-_85538837_85538864	48hr	ENSG00000271793	44	CE
15_+_42402123_42402135	72hr	ENSG00000092529	19	CE
15_+_42402123_42402135	72hr	ENSG00000258461	17	CE
4_-_82899712_82899737	72hr	ENSG00000138674	6	CE
4_-_82899712_82899737	72hr	ENSG00000251022	12	CE
6_-_85538837_85538864	72hr	ENSG00000135317	72	CE
6_-_85538837_85538864	72hr	ENSG00000271793	44	CE
15_+_42402123_42402135	7day	ENSG00000092529	19	CE
15_+_42402123_42402135	7day	ENSG00000258461	17	CE
4_-_82899712_82899737	7day	ENSG00000138674	6	CE
4_-_82899712_82899737	7day	ENSG00000251022	12	CE
6_-_85538837_85538864	7day	ENSG00000135317	72	CE
6_-_85538837_85538864	7day	ENSG00000271793	44	CE
