query_set	gene_id
all_matched	ENSG00000006712
all_matched	ENSG00000026950
all_matched	ENSG00000061987
all_matched	ENSG00000062194
all_matched	ENSG00000063601
all_matched	ENSG00000071054
all_matched	ENSG00000072071
all_matched	ENSG00000072518
all_matched	ENSG00000074054
all_matched	ENSG00000076685
all_matched	ENSG00000076928
all_matched	ENSG00000092199
all_matched	ENSG00000099308
all_matched	ENSG00000100330
all_matched	ENSG00000104064
all_matched	ENSG00000104228
all_matched	ENSG00000104835
all_matched	ENSG00000105640
all_matched	ENSG00000109452
all_matched	ENSG00000109689
all_matched	ENSG00000109929
all_matched	ENSG00000111011
all_matched	ENSG00000111801
all_matched	ENSG00000113387
all_matched	ENSG00000113597
all_matched	ENSG00000114857
all_matched	ENSG00000119929
all_matched	ENSG00000120910
all_matched	ENSG00000125952
all_matched	ENSG00000125967
all_matched	ENSG00000130254
all_matched	ENSG00000131626
all_matched	ENSG00000132153
all_matched	ENSG00000132613
all_matched	ENSG00000134318
all_matched	ENSG00000135317
all_matched	ENSG00000135723
all_matched	ENSG00000136153
all_matched	ENSG00000137221
all_matched	ENSG00000137486
all_matched	ENSG00000138326
all_matched	ENSG00000139168
all_matched	ENSG00000139496
all_matched	ENSG00000140395
all_matched	ENSG00000140853
all_matched	ENSG00000141027
all_matched	ENSG00000141428
all_matched	ENSG00000143252
all_matched	ENSG00000144224
all_matched	ENSG00000148688
all_matched	ENSG00000165322
all_matched	ENSG00000165609
all_matched	ENSG00000167632
all_matched	ENSG00000170581
all_matched	ENSG00000179832
all_matched	ENSG00000179912
all_matched	ENSG00000180376
all_matched	ENSG00000183605
all_matched	ENSG00000186470
all_matched	ENSG00000189091
all_matched	ENSG00000196924
all_matched	ENSG00000197535
all_matched	ENSG00000197694
all_matched	ENSG00000198160
all_matched	ENSG00000198818
all_matched	ENSG00000204138
all_matched	ENSG00000204305
all_matched	ENSG00000234545
all_matched	ENSG00000243927
all_matched	ENSG00000251022
all_matched	ENSG00000258461
all_matched	ENSG00000287542
increase	ENSG00000006712
increase	ENSG00000071054
increase	ENSG00000072518
increase	ENSG00000092199
increase	ENSG00000099308
increase	ENSG00000104064
increase	ENSG00000104228
increase	ENSG00000104835
increase	ENSG00000105640
increase	ENSG00000111801
increase	ENSG00000114857
increase	ENSG00000125967
increase	ENSG00000130254
increase	ENSG00000134318
increase	ENSG00000136153
increase	ENSG00000139496
increase	ENSG00000141027
increase	ENSG00000141428
increase	ENSG00000144224
increase	ENSG00000148688
increase	ENSG00000179912
increase	ENSG00000180376
increase	ENSG00000198160
increase	ENSG00000198818
increase	ENSG00000204138
increase	ENSG00000204305
decrease	ENSG00000026950
decrease	ENSG00000062194
decrease	ENSG00000063601
decrease	ENSG00000072071
decrease	ENSG00000074054
decrease	ENSG00000076685
decrease	ENSG00000076928
decrease	ENSG00000100330
decrease	ENSG00000109452
decrease	ENSG00000109689
decrease	ENSG00000109929
decrease	ENSG00000111011
decrease	ENSG00000113387
decrease	ENSG00000113597
decrease	ENSG00000119929
decrease	ENSG00000120910
decrease	ENSG00000125952
decrease	ENSG00000131626
decrease	ENSG00000132153
decrease	ENSG00000132613
decrease	ENSG00000135317
decrease	ENSG00000135723
decrease	ENSG00000137221
decrease	ENSG00000138326
decrease	ENSG00000139168
decrease	ENSG00000140395
decrease	ENSG00000140853
decrease	ENSG00000143252
decrease	ENSG00000165322
decrease	ENSG00000165609
decrease	ENSG00000167632
decrease	ENSG00000170581
decrease	ENSG00000179832
decrease	ENSG00000183605
decrease	ENSG00000186470
decrease	ENSG00000189091
decrease	ENSG00000196924
decrease	ENSG00000197535
decrease	ENSG00000197694
decrease	ENSG00000234545
decrease	ENSG00000243927
decrease	ENSG00000251022
decrease	ENSG00000258461
decrease	ENSG00000287542
early_onset	ENSG00000006712
early_onset	ENSG00000061987
early_onset	ENSG00000062194
early_onset	ENSG00000076685
early_onset	ENSG00000092199
early_onset	ENSG00000104064
early_onset	ENSG00000104228
early_onset	ENSG00000109929
early_onset	ENSG00000113387
early_onset	ENSG00000132613
early_onset	ENSG00000135317
early_onset	ENSG00000137221
early_onset	ENSG00000137486
early_onset	ENSG00000139496
early_onset	ENSG00000140395
early_onset	ENSG00000140853
early_onset	ENSG00000141428
early_onset	ENSG00000144224
early_onset	ENSG00000148688
early_onset	ENSG00000170581
early_onset	ENSG00000180376
early_onset	ENSG00000183605
early_onset	ENSG00000189091
early_onset	ENSG00000197694
early_onset	ENSG00000198818
early_onset	ENSG00000258461
intermediate_onset	ENSG00000071054
intermediate_onset	ENSG00000072071
intermediate_onset	ENSG00000072518
intermediate_onset	ENSG00000074054
intermediate_onset	ENSG00000104835
intermediate_onset	ENSG00000109452
intermediate_onset	ENSG00000109689
intermediate_onset	ENSG00000111011
intermediate_onset	ENSG00000114857
intermediate_onset	ENSG00000120910
intermediate_onset	ENSG00000130254
intermediate_onset	ENSG00000131626
intermediate_onset	ENSG00000132153
intermediate_onset	ENSG00000134318
intermediate_onset	ENSG00000135723
intermediate_onset	ENSG00000136153
intermediate_onset	ENSG00000138326
intermediate_onset	ENSG00000139168
intermediate_onset	ENSG00000143252
intermediate_onset	ENSG00000165322
intermediate_onset	ENSG00000165609
intermediate_onset	ENSG00000179912
intermediate_onset	ENSG00000186470
intermediate_onset	ENSG00000196924
intermediate_onset	ENSG00000234545
intermediate_onset	ENSG00000243927
intermediate_onset	ENSG00000251022
intermediate_onset	ENSG00000287542
late_onset	ENSG00000026950
late_onset	ENSG00000063601
late_onset	ENSG00000076928
late_onset	ENSG00000099308
late_onset	ENSG00000100330
late_onset	ENSG00000105640
late_onset	ENSG00000111801
late_onset	ENSG00000113597
late_onset	ENSG00000119929
late_onset	ENSG00000125952
late_onset	ENSG00000125967
late_onset	ENSG00000141027
late_onset	ENSG00000167632
late_onset	ENSG00000179832
late_onset	ENSG00000197535
late_onset	ENSG00000198160
late_onset	ENSG00000204138
late_onset	ENSG00000204305
