query_set	source	term_id	term_name	adjusted_p_value	significant	query_size	intersection_size	term_size	effective_domain_size	precision	recall	intersection_gene_ids	intersection_gene_symbols
intermediate_onset	GO:BP	GO:0032231	regulation of actin filament bundle assembly	0.024651044286851494	True	28	5	9	559	0.17857142857142858	0.5555555555555556	ENSG00000074054;ENSG00000131626;ENSG00000134318;ENSG00000135723;ENSG00000196924	CLASP1;PPFIA1;ROCK2;FHOD1;FLNA
intermediate_onset	GO:BP	GO:0002011	morphogenesis of an epithelial sheet	0.042338767567385784	True	28	3	4	559	0.10714285714285714	0.75	ENSG00000074054;ENSG00000165322;ENSG00000196924	CLASP1;ARHGAP12;FLNA
intermediate_onset	GO:BP	GO:0007015	actin filament organization	0.042338767567385784	True	28	6	22	559	0.21428571428571427	0.2727272727272727	ENSG00000074054;ENSG00000131626;ENSG00000134318;ENSG00000135723;ENSG00000165322;ENSG00000196924	CLASP1;PPFIA1;ROCK2;FHOD1;ARHGAP12;FLNA
intermediate_onset	GO:BP	GO:0030038	contractile actin filament bundle assembly	0.042338767567385784	True	28	4	9	559	0.14285714285714285	0.4444444444444444	ENSG00000074054;ENSG00000131626;ENSG00000134318;ENSG00000135723	CLASP1;PPFIA1;ROCK2;FHOD1
intermediate_onset	GO:BP	GO:0043149	stress fiber assembly	0.042338767567385784	True	28	4	9	559	0.14285714285714285	0.4444444444444444	ENSG00000074054;ENSG00000131626;ENSG00000134318;ENSG00000135723	CLASP1;PPFIA1;ROCK2;FHOD1
intermediate_onset	GO:BP	GO:0051017	actin filament bundle assembly	0.042338767567385784	True	28	5	13	559	0.17857142857142858	0.38461538461538464	ENSG00000074054;ENSG00000131626;ENSG00000134318;ENSG00000135723;ENSG00000196924	CLASP1;PPFIA1;ROCK2;FHOD1;FLNA
intermediate_onset	GO:BP	GO:0051492	regulation of stress fiber assembly	0.042338767567385784	True	28	4	7	559	0.14285714285714285	0.5714285714285714	ENSG00000074054;ENSG00000131626;ENSG00000134318;ENSG00000135723	CLASP1;PPFIA1;ROCK2;FHOD1
intermediate_onset	GO:BP	GO:0051495	positive regulation of cytoskeleton organization	0.042338767567385784	True	28	4	9	559	0.14285714285714285	0.4444444444444444	ENSG00000074054;ENSG00000134318;ENSG00000135723;ENSG00000196924	CLASP1;ROCK2;FHOD1;FLNA
intermediate_onset	GO:BP	GO:0061572	actin filament bundle organization	0.042338767567385784	True	28	5	13	559	0.17857142857142858	0.38461538461538464	ENSG00000074054;ENSG00000131626;ENSG00000134318;ENSG00000135723;ENSG00000196924	CLASP1;PPFIA1;ROCK2;FHOD1;FLNA
intermediate_onset	GO:BP	GO:0110020	regulation of actomyosin structure organization	0.042338767567385784	True	28	4	8	559	0.14285714285714285	0.5	ENSG00000074054;ENSG00000131626;ENSG00000134318;ENSG00000135723	CLASP1;PPFIA1;ROCK2;FHOD1
intermediate_onset	GO:BP	GO:0110053	regulation of actin filament organization	0.042338767567385784	True	28	5	15	559	0.17857142857142858	0.3333333333333333	ENSG00000074054;ENSG00000131626;ENSG00000134318;ENSG00000135723;ENSG00000196924	CLASP1;PPFIA1;ROCK2;FHOD1;FLNA
intermediate_onset	GO:BP	GO:1902905	positive regulation of supramolecular fiber organization	0.042338767567385784	True	28	4	9	559	0.14285714285714285	0.4444444444444444	ENSG00000074054;ENSG00000134318;ENSG00000135723;ENSG00000196924	CLASP1;ROCK2;FHOD1;FLNA
intermediate_onset	GO:BP	GO:1904064	positive regulation of cation transmembrane transport	0.042338767567385784	True	28	3	4	559	0.10714285714285714	0.75	ENSG00000109689;ENSG00000120910;ENSG00000196924	STIM2;PPP3CC;FLNA
