gene_name	ME	onset_phase	onset_timepoint	strong_direction	n_strong_timepoints	peak_delta_PSI	whippet_direction_concordance_fraction	biological_theme	literature_supported_context	evidence_scope	PMID	PubMed_URL
HNRNPC	14_-_21263310_21263336	early	3hr	increase	6	0.6890891870661697	0.8333333333333334	RNA processing / alternative splicing	hnRNP C is a position-dependent regulator of alternative exon inclusion and exclusion.	Direct evidence for HNRNPC as a splicing regulator; not T-cell-specific and not evidence that this microexon is functional.	20601959	https://pubmed.ncbi.nlm.nih.gov/20601959/
NLRC5	16_+_57062158_57062173	early	3hr	decrease	3	-0.2540006255767367	1.0	MHC-I / adaptive immunity	NLRC5 transcriptionally regulates MHC class I and associated antigen-presentation genes, a pathway central to CD8 T-cell recognition.	Immune-pathway relevance; does not establish an intrinsic role for the detected NLRC5 microexon in activated CD8 T cells.	20639463	https://pubmed.ncbi.nlm.nih.gov/20639463/
SF3B3	16_+_70550649_70550678	early	3hr	decrease	6	-0.5363253829300534	1.0	Core spliceosome / RNA processing	SF3b is an intrinsic U2 snRNP subcomplex involved in branch-point recognition and spliceosome assembly/activation.	Complex-level splicing evidence; the cited review is not a direct functional test of this SF3B3 microexon.	32140746	https://pubmed.ncbi.nlm.nih.gov/32140746/
STIM2	4_+_27007982_27008006	intermediate	12hr	decrease	4	-0.4155702483527739	1.0	T-cell calcium / NFAT signaling	STIM2 supports store-operated calcium signaling, cytokine production, and prolonged NFAT nuclear localization in activated T cells.	Direct T-cell pathway evidence, largely from mouse genetic experiments; no direct microexon functional evidence.	18327260	https://pubmed.ncbi.nlm.nih.gov/18327260/
MAP4K4	2_+_101868028_101868037	intermediate	12hr	increase	3	0.4035660310170114	1.0	T-cell signaling / MAPK	MAP4K4 loss suppresses CD4 T-cell proliferation, activation, and cytokine production and alters MAPK/PKC-theta signaling.	T-cell evidence is mainly CD4-focused; relevance to CD8 activation is plausible but not directly demonstrated here.	24681727	https://pubmed.ncbi.nlm.nih.gov/24681727/
FLNA	X_-_154357250_154357274	intermediate	24hr	decrease	4	-0.2388123219217132	1.0	Actin cytoskeleton / immunological synapse	Filamin A is recruited to the T-cell/APC contact site and is required for PKC-theta-associated T-cell activation and IL-2/transcription-factor responses.	Direct T-cell signaling/cytoskeletal evidence; not direct evidence for this FLNA microexon.	16849481	https://pubmed.ncbi.nlm.nih.gov/16849481/
ROCK2	2_-_11218454_11218466	intermediate	24hr	increase	2	0.7142857142857143	1.0	Actin / Rho signaling / T-cell differentiation	ROCK2 participates in human T-cell signaling and transcriptional programs, including STAT3-associated TH17/TFH regulation.	Strong pathway relevance but this microexon had valid MicroExonator comparisons at only 2 of 7 activation timepoints, so temporal interpretation is limited.	30413785	https://pubmed.ncbi.nlm.nih.gov/30413785/
NCOR1	17_-_16151589_16151616	late	48hr	increase	2	0.3998705542823189	1.0	Transcriptional regulation of T-cell state	NCOR1 shapes naive and effector CD4 T-cell transcriptional programs and contributes to activated T-cell survival and effector function.	Direct T-cell evidence is CD4-focused; no direct evidence for this CD8 microexon.	32318068	https://pubmed.ncbi.nlm.nih.gov/32318068/
ARHGEF1	19_+_41897314_41897326	late	72hr	decrease	2	-0.5330263104422446	1.0	RhoA / actin / lymphocyte migration	Human ARHGEF1 deficiency impairs RhoA activity, actin regulation, and migration in lymphocytes, including T-cell blasts.	Human lymphocyte evidence; does not show that the detected microexon itself controls migration.	30521495	https://pubmed.ncbi.nlm.nih.gov/30521495/
