ME	n_valid_timepoints	peak_timepoint	peak_delta_PSI	peak_abs_delta_PSI	dominant_direction	first_strong_separated_timepoint	n_strong_separated_timepoints	strong_separated_timepoints	whippet_mapped_candidate_responses	whippet_direction_concordant_responses	whippet_direction_concordance_fraction	gene_id	gene_name	gene_biotype	temporal_cluster
10_+_78040203_78040225	7	48hr	-0.7135487179694643	0.7135487179694643	decrease	12hr	5	12hr;24hr;48hr;72hr;7day	5	5	1.0	ENSG00000138326	RPS24	protein_coding	2
10_+_90895453_90895483	7	72hr	0.4784588437714163	0.4784588437714163	increase	3hr	6	3hr;12hr;24hr;48hr;72hr;7day	6	6	1.0	ENSG00000148688	RPP30	protein_coding	1
10_+_99750368_99750396	7	72hr	-0.2295612255791609	0.2295612255791609	decrease	48hr	2	48hr;72hr	2	2	1.0	ENSG00000119929	CUTC	protein_coding	2
10_-_103105357_103105381	7	24hr	-0.6051996707772135	0.6051996707772135	decrease	3hr	6	3hr;12hr;24hr;48hr;72hr;7day	6	6	1.0	ENSG00000076685	NT5C2	protein_coding	2
10_-_119161054_119161081	7	3hr	-0.4694444444444444	0.4694444444444444	decrease	3hr	1	3hr	1	1	1.0	ENSG00000183605	SFXN4	protein_coding	1
10_-_12170899_12170908	7	3hr	-0.3885714285714285	0.3885714285714285	decrease	12hr	4	12hr;48hr;72hr;7day	4	0	0.0	ENSG00000165609	NUDT5	protein_coding	1
10_-_31839304_31839319	3	24hr	-0.9824561403508772	0.9824561403508772	decrease	24hr	1	24hr	1	1	1.0	ENSG00000165322	ARHGAP12	protein_coding	2
11_+_121306458_121306486	7	24hr	-0.496937283685404	0.496937283685404	decrease	3hr	6	3hr;12hr;24hr;48hr;72hr;7day	6	5	0.8333333333333334	ENSG00000109929	SC5D	protein_coding	2
11_+_63906087_63906114	7	72hr	0.2303181232695935	0.2303181232695935	increase	12hr	3	12hr;24hr;72hr	3	3	1.0	ENSG00000072518	MARK2	protein_coding	1
11_+_70350993_70351023	7	72hr	-0.4686629637610029	0.4686629637610029	decrease	12hr	5	12hr;24hr;48hr;72hr;7day	5	5	1.0	ENSG00000131626	PPFIA1	protein_coding	2
11_-_75271700_75271724	7	3hr	0.2103276353276353	0.2103276353276353	increase	3hr	2	3hr;48hr	2	2	1.0	ENSG00000137486	ARRB1	protein_coding	2
12_+_62566013_62566031	7	72hr	-0.6799242424242423	0.6799242424242423	decrease	30min	4	30min;12hr;24hr;72hr	4	4	1.0	ENSG00000061987	MON2	protein_coding	2
12_-_122514711_122514728	7	72hr	-0.3050934097200119	0.3050934097200119	decrease	12hr	5	12hr;24hr;48hr;72hr;7day	5	5	1.0	ENSG00000111011	RSRC2	protein_coding	2
12_-_42322417_42322446	7	12hr	-0.4367955721679126	0.4367955721679126	decrease	12hr	5	12hr;24hr;48hr;72hr;7day	5	0	0.0	ENSG00000139168	ZCRB1	protein_coding	2
12_-_56350411_56350432	7	3hr	-0.215256599294987	0.215256599294987	decrease	3hr	1	3hr	1	0	0.0	ENSG00000170581	STAT2	protein_coding	1
12_-_57305639_57305663	7	7day	0.5180144575357004	0.5180144575357004	increase	24hr	2	24hr;7day	2	2	1.0	ENSG00000179912	R3HDM2	protein_coding	2
13_+_25319325_25319350	7	12hr	0.8698412698412699	0.8698412698412699	increase	3hr	6	3hr;12hr;24hr;48hr;72hr;7day	6	6	1.0	ENSG00000139496	NUP58	protein_coding	1
13_+_75840084_75840110	5	12hr	0.4373188405797101	0.4373188405797101	increase	12hr	3	12hr;72hr;7day	3	0	0.0	ENSG00000136153	LMO7	protein_coding	1
14_-_21263310_21263336	7	48hr	0.6890891870661697	0.6890891870661697	increase	3hr	6	3hr;12hr;24hr;48hr;72hr;7day	6	5	0.8333333333333334	ENSG00000092199	HNRNPC	protein_coding	1
14_-_65101545_65101572	7	72hr	-0.2871071113354938	0.2871071113354938	decrease	48hr	2	48hr;72hr	2	2	1.0	ENSG00000125952	MAX	protein_coding	2
15_+_42402123_42402135	6	12hr	-0.800358422939068	0.800358422939068	decrease	30min	4	30min;12hr;24hr;72hr	4	4	1.0	ENSG00000258461	NA	protein_coding	2
15_-_50346371_50346395	7	30min	0.3625371360665479	0.3625371360665479	increase	30min	5	30min;3hr;12hr;48hr;72hr	5	5	1.0	ENSG00000104064	GABPB1	protein_coding	2
15_-_52348817_52348826	6	48hr	-0.6088086749851457	0.6088086749851457	decrease	48hr	2	48hr;7day	2	2	1.0	ENSG00000197535	MYO5A	protein_coding	2
15_-_78294945_78294973	7	30min	-0.5769230769230769	0.5769230769230769	decrease	30min	1	30min	1	1	1.0	ENSG00000140395	SKIC8	protein_coding	1
16_+_57062158_57062173	7	3hr	-0.2540006255767367	0.2540006255767367	decrease	3hr	3	3hr;48hr;7day	3	3	1.0	ENSG00000140853	NLRC5	protein_coding	1
16_+_70550649_70550678	7	24hr	-0.5363253829300534	0.5363253829300534	decrease	3hr	6	3hr;12hr;24hr;48hr;72hr;7day	6	6	1.0	ENSG00000189091	SF3B3	protein_coding	2
16_-_67236410_67236434	5	12hr	-0.563451888613179	0.563451888613179	decrease	12hr	5	12hr;24hr;48hr;72hr;7day	5	5	1.0	ENSG00000135723	FHOD1	protein_coding	2
16_-_70679314_70679323	5	48hr	-0.7348039215686275	0.7348039215686275	decrease	3hr	4	3hr;12hr;24hr;48hr	4	4	1.0	ENSG00000132613	MTSS2	protein_coding	2
17_-_16151589_16151616	7	72hr	0.3998705542823189	0.3998705542823189	increase	48hr	2	48hr;72hr	2	2	1.0	ENSG00000141027	NCOR1	protein_coding	1
18_+_35972884_35972907	7	48hr	0.4662450006008905	0.4662450006008905	increase	3hr	6	3hr;12hr;24hr;48hr;72hr;7day	6	0	0.0	ENSG00000141428	C18orf21	protein_coding	1
19_+_17861292_17861307	7	7day	0.2197919916684923	0.2197919916684923	increase	7day	1	7day	1	0	0.0	ENSG00000105640	RPL18A	protein_coding	2
19_+_18122106_18122127	6	72hr	0.7142857142857143	0.7142857142857143	increase	72hr	1	72hr	1	1	1.0	ENSG00000099308	MAST3	protein_coding	1
19_+_41897314_41897326	7	72hr	-0.5330263104422446	0.5330263104422446	decrease	72hr	2	72hr;7day	2	2	1.0	ENSG00000076928	ARHGEF1	protein_coding	2
19_-_14152132_14152150	7	72hr	-0.3779331010404737	0.3779331010404737	decrease	24hr	1	24hr	1	1	1.0	ENSG00000072071	ADGRL1	protein_coding	2
19_-_38922237_38922267	7	72hr	0.4674434760641658	0.4674434760641658	increase	12hr	5	12hr;24hr;48hr;72hr;7day	5	5	1.0	ENSG00000104835	SARS2	protein_coding	1
19_-_39390259_39390289	7	72hr	0.372388995612751	0.372388995612751	increase	30min	7	30min;3hr;12hr;24hr;48hr;72hr;7day	7	7	1.0	ENSG00000006712	PAF1	protein_coding	1
19_-_5612539_5612567	7	48hr	0.2110807067328806	0.2110807067328806	increase	12hr	4	12hr;24hr;48hr;7day	4	4	1.0	ENSG00000130254	SAFB2	protein_coding	1
1_+_161339561_161339588	7	12hr	-0.2680926916221033	0.2680926916221033	decrease	12hr	5	12hr;24hr;48hr;72hr;7day	5	5	1.0	ENSG00000143252	SDHC	protein_coding	2
1_+_28457831_28457855	7	48hr	0.34375	0.34375	increase	72hr	1	72hr	1	1	1.0	ENSG00000204138	PHACTR4	protein_coding	1
1_+_66984571_66984592	7	72hr	0.4151091045002419	0.4151091045002419	increase	72hr	1	72hr	1	0	0.0	ENSG00000198160	MIER1	protein_coding	1
20_-_33669686_33669712	7	12hr	0.4154411764705882	0.4154411764705882	increase	48hr	1	48hr	1	1	1.0	ENSG00000125967	NECAB3	protein_coding	1
21_+_34103496_34103519	7	12hr	-0.4195938872446289	0.4195938872446289	decrease	12hr	4	12hr;24hr;48hr;72hr	4	4	1.0	ENSG00000243927	MRPS6	protein_coding	2
22_+_30023456_30023483	7	48hr	-0.4352770885028949	0.4352770885028949	decrease	48hr	1	48hr	1	1	1.0	ENSG00000100330	MTMR3	protein_coding	2
2_+_101868028_101868037	7	12hr	0.4035660310170114	0.4035660310170114	increase	12hr	3	12hr;48hr;7day	3	3	1.0	ENSG00000071054	MAP4K4	protein_coding	1
2_+_135753538_135753567	7	48hr	0.3742844386235174	0.3742844386235174	increase	3hr	6	3hr;12hr;24hr;48hr;72hr;7day	6	6	1.0	ENSG00000144224	UBXN4	protein_coding	1
2_-_11218454_11218466	2	24hr	0.7142857142857143	0.7142857142857143	increase	24hr	2	24hr;7day	2	2	1.0	ENSG00000134318	ROCK2	protein_coding	2
2_-_121409023_121409047	7	72hr	-0.6280701754385966	0.6280701754385966	decrease	12hr	2	12hr;72hr	2	2	1.0	ENSG00000074054	CLASP1	protein_coding	2
3_+_42630545_42630575	7	48hr	0.7271177464561169	0.7271177464561169	increase	12hr	4	12hr;24hr;48hr;7day	4	3	0.75	ENSG00000114857	NKTR	protein_coding	1
3_+_47819235_47819264	7	72hr	-0.4581521739130434	0.4581521739130434	decrease	24hr	1	24hr	1	1	1.0	ENSG00000132153	DHX30	protein_coding	2
3_+_56559568_56559594	7	7day	0.4567887331776221	0.4567887331776221	increase	3hr	6	3hr;12hr;24hr;48hr;72hr;7day	6	6	1.0	ENSG00000180376	CCDC66	protein_coding	1
4_+_27007982_27008006	7	48hr	-0.4155702483527739	0.4155702483527739	decrease	12hr	4	12hr;24hr;48hr;7day	4	4	1.0	ENSG00000109689	STIM2	protein_coding	2
4_+_88676217_88676241	7	48hr	-0.2261904761904762	0.2261904761904762	decrease	12hr	1	12hr	1	1	1.0	ENSG00000287542	HERC3	protein_coding	2
4_-_142202739_142202766	7	12hr	-0.3905223452696638	0.3905223452696638	decrease	12hr	1	12hr	1	1	1.0	ENSG00000109452	INPP4B	protein_coding	2
4_-_82899712_82899737	7	12hr	-0.6198879551820728	0.6198879551820728	decrease	12hr	5	12hr;24hr;48hr;72hr;7day	5	5	1.0	ENSG00000251022	THAP9-AS1	lncRNA	2
5_+_32586491_32586501	7	72hr	-0.6356788245310896	0.6356788245310896	decrease	30min	6	30min;12hr;24hr;48hr;72hr;7day	6	6	1.0	ENSG00000113387	SUB1	protein_coding	2
5_+_57221375_57221396	7	48hr	-0.5501264571799517	0.5501264571799517	decrease	3hr	6	3hr;12hr;24hr;48hr;72hr;7day	6	6	1.0	ENSG00000062194	GPBP1	protein_coding	2
5_+_65655635_65655653	7	72hr	-0.3268468468468469	0.3268468468468469	decrease	48hr	2	48hr;7day	2	2	1.0	ENSG00000113597	TRAPPC13	protein_coding	2
6_+_26373275_26373296	7	7day	-0.3113725490196078	0.3113725490196078	decrease	12hr	2	12hr;7day	2	2	1.0	ENSG00000186470	BTN3A2	protein_coding	2
6_+_26373386_26373413	7	7day	-0.5416666666666667	0.5416666666666667	decrease	12hr	2	12hr;7day	2	1	0.5	ENSG00000186470	BTN3A2	protein_coding	2
6_+_26409893_26409914	7	48hr	-0.3449167779596085	0.3449167779596085	decrease	48hr	1	48hr	1	1	1.0	ENSG00000026950	BTN3A1	protein_coding	2
6_+_26410005_26410032	7	7day	-0.3734203591346449	0.3734203591346449	decrease	7day	1	7day	1	1	1.0	ENSG00000026950	BTN3A1	protein_coding	2
6_+_26448727_26448754	7	48hr	0.2408220527268146	0.2408220527268146	increase	48hr	1	48hr	1	0	0.0	ENSG00000111801	BTN3A3	protein_coding	1
6_+_43500743_43500772	7	48hr	-0.3515368793716317	0.3515368793716317	decrease	3hr	6	3hr;12hr;24hr;48hr;72hr;7day	6	1	0.16666666666666666	ENSG00000137221	TJAP1	protein_coding	2
6_-_166322856_166322886	7	30min	0.3588531566472743	0.3588531566472743	increase	30min	7	30min;3hr;12hr;24hr;48hr;72hr;7day	7	7	1.0	ENSG00000198818	SFT2D1	protein_coding	2
6_-_32181605_32181632	7	72hr	0.4300904587029907	0.4300904587029907	increase	72hr	1	72hr	1	0	0.0	ENSG00000204305	AGER	protein_coding	1
6_-_85538837_85538864	7	48hr	-0.4542923894704081	0.4542923894704081	decrease	3hr	5	3hr;24hr;48hr;72hr;7day	5	5	1.0	ENSG00000135317	SNX14	protein_coding	1
7_-_92577654_92577676	7	12hr	-0.3872797744890768	0.3872797744890768	decrease	12hr	3	12hr;48hr;7day	3	1	0.3333333333333333	ENSG00000234545	FAM133B	protein_coding	2
8_+_144242601_144242628	7	72hr	-0.4240127758420441	0.4240127758420441	decrease	72hr	1	72hr	1	1	1.0	ENSG00000179832	MROH1	protein_coding	2
8_+_22539468_22539498	7	24hr	-0.3097543477020265	0.3097543477020265	decrease	12hr	2	12hr;24hr	2	2	1.0	ENSG00000120910	PPP3CC	protein_coding	2
8_-_140426614_140426641	6	48hr	-0.4086805013782701	0.4086805013782701	decrease	48hr	1	48hr	1	1	1.0	ENSG00000167632	TRAPPC9	protein_coding	2
8_-_27290155_27290178	7	7day	0.3915495955725842	0.3915495955725842	increase	30min	7	30min;3hr;12hr;24hr;48hr;72hr;7day	7	7	1.0	ENSG00000104228	TRIM35	protein_coding	2
9_+_128609650_128609665	7	24hr	-0.4185674741923194	0.4185674741923194	decrease	3hr	5	3hr;12hr;24hr;48hr;72hr	5	5	1.0	ENSG00000197694	SPTAN1	protein_coding	2
9_+_128627924_128627942	7	3hr	-0.2616572554101479	0.2616572554101479	decrease	3hr	4	3hr;12hr;24hr;72hr	4	4	1.0	ENSG00000197694	SPTAN1	protein_coding	2
X_+_150712341_150712365	6	48hr	-0.2353535353535353	0.2353535353535353	decrease	48hr	1	48hr	1	1	1.0	ENSG00000063601	MTMR1	protein_coding	2
X_-_154357250_154357274	7	24hr	-0.2388123219217132	0.2388123219217132	decrease	24hr	4	24hr;48hr;72hr;7day	4	4	1.0	ENSG00000196924	FLNA	protein_coding	2
