ME	30min	3hr	12hr	24hr	48hr	72hr	7day
10_+_78040203_78040225	-0.0118743514755226	-0.0408071189376436	-0.5930725307288919	-0.659497009899103	-0.7135487179694643	-0.679773293220138	-0.3167564449790315
10_+_90895453_90895483	0.0539765789765789	0.2683264336831295	0.3519983538884542	0.3872907141963122	0.4272613031380105	0.4784588437714163	0.3722766747880903
10_+_99750368_99750396	0.0	-0.0577777777777778	-0.0942799942799942	-0.1355088828666063	-0.2039659454310403	-0.2295612255791609	-0.0652737727205812
10_-_103105357_103105381	-0.1318342151675484	-0.359949079514297	-0.4034421048955934	-0.6051996707772135	-0.4771416152995101	-0.483945483945484	-0.2894385198319302
10_-_119161054_119161081	0.0448412698412697	-0.4694444444444444	0.0594169853878591	0.0036546840958604	-0.0319271370354004	0.1215978874969294	0.0155792340751689
10_-_12170899_12170908	-0.3251272490218591	-0.3885714285714285	-0.2774103110471071	-0.3230405718734391	-0.3242858760131924	-0.3366986648192876	-0.3203365499654577
10_-_31839304_31839319	-0.0895989974937343	NA	-0.260233918128655	-0.9824561403508772	NA	NA	NA
11_+_121306458_121306486	0.039677136857588	-0.4845944567159971	-0.4850325217806421	-0.496937283685404	-0.496937283685404	-0.496937283685404	-0.496937283685404
11_+_63906087_63906114	0.003991130820399	0.0414911308203991	0.2289294024253373	0.2120633055592404	0.1986332037233416	0.2303181232695935	0.0495619302783936
11_+_70350993_70351023	0.2063832246185187	-0.2718529836176894	-0.3973959954352111	-0.411103493335385	-0.4658418923124806	-0.4686629637610029	-0.3535157652804712
11_-_75271700_75271724	-0.047027290448343	0.2103276353276353	0.1031729620439297	0.0454784661773909	-0.2064814814814815	-0.1382275132275132	-0.0429012345679012
12_+_62566013_62566031	0.2291666666666667	-0.2465620490620489	-0.3687169312169311	-0.4873084291187738	-0.1322751322751322	-0.6799242424242423	0.1656746031746033
12_-_122514711_122514728	0.0513401893606459	-0.235911019782905	-0.2897087943353965	-0.2909090125568913	-0.2922728968994991	-0.3050934097200119	-0.271276984599239
12_-_42322417_42322446	0.1051480808868515	-0.241814511561852	-0.4367955721679126	-0.4279230399300945	-0.4209225562948967	-0.4367955721679126	-0.4349016327739732
12_-_56350411_56350432	-0.1418075912384472	-0.215256599294987	-0.1525250842350588	-0.1363528692190912	-0.1484890676567657	-0.0444095761086426	-0.18030994686885
12_-_57305639_57305663	0.1514534586108876	-0.0221339905074844	0.2594943129878267	0.355355186981693	0.0549493428258488	0.1945326761591821	0.5180144575357004
13_+_25319325_25319350	-0.0259920634920634	0.7076104964993855	0.8698412698412699	0.8568204365079365	0.8515295917563813	0.8301587301587302	0.8479136255441143
13_+_75840084_75840110	0.1008990874932904	0.3632447665056361	0.4373188405797101	NA	NA	0.4373188405797101	0.4373188405797101
14_-_21263310_21263336	0.0240036647958178	0.3586286790523552	0.6492197264571757	0.6559416321468996	0.6890891870661697	0.6678265189052746	0.5424679578924747
14_-_65101545_65101572	-0.0472792289022294	-0.1251516560475603	-0.1214610164042286	-0.090003618869621	-0.2261979909516143	-0.2871071113354938	-0.0169469601479832
15_+_42402123_42402135	-0.481625693680023	-0.300358422939068	-0.800358422939068	-0.6765488991295442	NA	-0.4948028673835125	-0.2336917562724013
15_-_50346371_50346395	0.3625371360665479	0.2833637524998589	0.2027676396475007	0.2408249742977021	0.2747112023103816	0.3476460854612115	0.3334336007130125
15_-_52348817_52348826	0.0055413469735718	-0.3398692810457516	-0.2881016042780749	-0.2641117052881759	-0.6088086749851457	NA	-0.2039983768821645
15_-_78294945_78294973	-0.5769230769230769	0.0	-0.0230397621701969	-0.0070921985815601	0.0	0.0	-0.0166666666666666
16_+_57062158_57062173	-0.1173974804451417	-0.2540006255767367	-0.0930389373288368	-0.1740239884572424	-0.2451993511840644	-0.1798935850997272	-0.2170563209895146
16_+_70550649_70550678	-0.0202043814612911	-0.3276856949960195	-0.5244479583787741	-0.5363253829300534	-0.4788767105699905	-0.3675694790928683	-0.3696999511557701
16_-_67236410_67236434	NA	NA	-0.563451888613179	-0.5078262541369698	-0.5479619035468963	-0.5534876566873697	-0.5007015833628737
16_-_70679314_70679323	-0.12473604826546	-0.3153846153846154	-0.5555555555555556	-0.5324675324675325	-0.7348039215686275	NA	NA
17_-_16151589_16151616	0.2002399774138904	-0.0329924242424242	0.0682659932659932	0.1248103049573638	0.2654401154401155	0.3998705542823189	0.0836454651978845
18_+_35972884_35972907	0.1619168896241508	0.3678250555323167	0.3069777090225382	0.4022403663512974	0.4662450006008905	0.345716451001352	0.339171856879118
19_+_17861292_17861307	-0.0320202982006695	-0.006810214167056	-0.0118794308375799	-0.0230917267720981	-0.0258747303728587	0.1693085224263966	0.2197919916684923
19_+_18122106_18122127	0.4848484848484848	NA	0.580952380952381	0.566137566137566	0.4199966699966699	0.7142857142857143	0.5309523809523811
19_+_41897314_41897326	-0.0239610496261911	-0.0240196194539624	-0.0595279659007971	-0.0568677086393129	-0.1898135235820864	-0.5330263104422446	-0.3185049241682495
19_-_14152132_14152150	-0.0856801265395064	0.0016272079315999	-0.0491452222525948	-0.2226117071944896	0.1179670772126457	-0.3779331010404737	0.120768197660825
19_-_38922237_38922267	-0.3543956043956043	0.0503663003663004	0.3330240928280145	0.4274061974061974	0.4015567765567766	0.4674434760641658	0.426052285354611
19_-_39390259_39390289	0.3148749098967499	0.3243338013807128	0.3266826043725176	0.3454524087573831	0.3565119328965377	0.372388995612751	0.363191411794943
19_-_5612539_5612567	0.0759689479920092	0.1831478131453381	0.206105582354771	0.2077137033658772	0.2110807067328806	0.1748787378538714	0.2110807067328806
1_+_161339561_161339588	0.1097491947337148	-0.0178281413575531	-0.2680926916221033	-0.2625138910642233	-0.2617989853283971	-0.2680926916221033	-0.2459678285333849
1_+_28457831_28457855	-0.0398478835978836	0.0844907407407407	0.0899801587301587	0.181845238095238	0.34375	0.2710227272727272	0.2657846049614342
1_+_66984571_66984592	-0.0254237288135593	0.0752031886200808	0.081983678593848	0.1982564693949407	0.1496733962835657	0.4151091045002419	0.0876816842918538
20_-_33669686_33669712	0.1128095975232197	0.1821078431372549	0.4154411764705882	0.1452391562685679	0.3365682174901025	0.2903108711839167	0.2154960180214805
21_+_34103496_34103519	-0.0604173923139441	-0.1974323116100685	-0.4195938872446289	-0.3874255644857678	-0.3896672472096956	-0.381116838998583	-0.2748313332610514
22_+_30023456_30023483	-0.0063992842184543	-0.0277917083859358	-0.3124700709590353	-0.1274067181325245	-0.4352770885028949	-0.2837619369877434	-0.2480906037725505
2_+_101868028_101868037	0.097363719067573	0.0954838287319106	0.4035660310170114	0.3294152757068357	0.2608622506320716	0.3313758754935226	0.2570303797194554
2_+_135753538_135753567	-0.0120601326950532	0.2073649248831731	0.3017330033842904	0.3676510522778207	0.3742844386235174	0.2537725688945202	0.3509766366091041
2_-_11218454_11218466	NA	NA	NA	0.7142857142857143	NA	NA	0.7142857142857143
2_-_121409023_121409047	0.1072651598967388	-0.4009096816114361	-0.4280701754385965	-0.364199092817514	-0.1428849902534114	-0.6280701754385966	-0.0447368421052631
3_+_42630545_42630575	-0.0650466842907639	0.2842996717214423	0.3793750676789553	0.5662785856169559	0.7271177464561169	0.3309360296222261	0.3178955960574958
3_+_47819235_47819264	-0.0845588235294116	-0.1522435897435897	-0.2781565656565656	-0.3022292250233427	-0.3025506735879372	-0.4581521739130434	-0.1063095238095238
3_+_56559568_56559594	0.0220665109553999	0.3674624998296495	0.4494739183628071	0.3642367513712542	0.3503072516961405	0.3358841747730636	0.4567887331776221
4_+_27007982_27008006	0.0184769816503383	-0.1672103982571475	-0.3193789940732843	-0.3588631210574113	-0.4155702483527739	-0.1955140561801441	-0.3569961708033643
4_+_88676217_88676241	-0.0950216450216451	-0.1806349206349207	-0.2123015873015874	-0.1016806722689076	-0.2261904761904762	-0.0833333333333334	0.0029761904761903
4_-_142202739_142202766	0.2085945783080132	0.363923691785069	-0.3905223452696638	-0.3233287720631396	-0.3184978338567957	-0.2868956169289766	-0.3076449356659115
4_-_82899712_82899737	0.0592040400389546	-0.1651158754099931	-0.6198879551820728	-0.6198879551820728	-0.5087768440709617	-0.4812636165577343	-0.4667680865449629
5_+_32586491_32586501	-0.3541400595998298	-0.1958413154533844	-0.4724435304134425	-0.5525296435706912	-0.6217675040086291	-0.6356788245310896	-0.5759429267689736
5_+_57221375_57221396	-0.0253393939997293	-0.3496468099634392	-0.512342780349521	-0.5029648303163216	-0.5501264571799517	-0.4977321797740082	-0.4593832570277779
5_+_65655635_65655653	-0.2857142857142857	-0.1111111111111111	-0.1841025641025641	-0.1558572146807439	-0.2662126529074724	-0.3268468468468469	-0.2777777777777777
6_+_26373275_26373296	0.0	-0.1170033670033671	-0.2132347470907699	-0.1492492492492493	-0.1800595238095237	-0.0068027210884352	-0.3113725490196078
6_+_26373386_26373413	0.0	-0.1984126984126984	-0.2947712418300653	-0.1896930982296835	-0.2872549019607843	-0.0238095238095237	-0.5416666666666667
6_+_26409893_26409914	0.0239583554082783	0.0117520120425148	-0.0882669463097768	-0.0898396913035745	-0.3449167779596085	0.0265691005030141	-0.1610663691091997
6_+_26410005_26410032	0.0594175437032579	0.0189773016840685	0.0084761925894931	-0.2415724684632248	-0.1765949623092481	-0.0123092480235337	-0.3734203591346449
6_+_26448727_26448754	0.0012865477640428	-0.1468298827321383	0.0189982789957638	0.042489446671763	0.2408220527268146	0.1428113839872228	0.0742115027829314
6_+_43500743_43500772	-0.1216772928943981	-0.296881682152138	-0.3248722769354675	-0.3475365734411787	-0.3515368793716317	-0.3041455830933939	-0.2412301057046779
6_-_166322856_166322886	0.3588531566472743	0.2622499142106984	0.262703326944813	0.3460746672582752	0.3302168626288309	0.313740098526602	0.2898350451291628
6_-_32181605_32181632	-0.1178917319649584	-0.1389320220841959	0.2398558567036827	-0.0681838195969094	0.3038415785841414	0.4300904587029907	0.0447747939755612
6_-_85538837_85538864	-0.183778140885984	-0.3758194692018222	0.0460350055938291	-0.3604536258948024	-0.4542923894704081	-0.3562472766884531	-0.2756946827679298
7_-_92577654_92577676	-0.1041115538208561	0.0413332791239767	-0.3872797744890768	-0.1746644912216196	-0.3842711164804188	0.1000939628846605	-0.2471282593375617
8_+_144242601_144242628	-0.3288164516983516	0.0934475416182732	-0.118854045683314	-0.1354471351608204	-0.0811556329849012	-0.4240127758420441	-0.1478944497237179
8_+_22539468_22539498	0.0094823732514732	0.0445505257879276	-0.2330976430976432	-0.3097543477020265	-0.1519833391385117	-0.1167221950689694	0.0851253671466436
8_-_140426614_140426641	-0.0645283552653397	-0.056543749241518	0.0356418429440741	-0.047096252294021	-0.4086805013782701	NA	0.0737981311003622
8_-_27290155_27290178	0.3009852216748767	0.3279693486590037	0.3787878787878788	0.366064586754242	0.364838180698862	0.2791898368542819	0.3915495955725842
9_+_128609650_128609665	-0.0156190402375276	-0.2730984950620937	-0.3841334648374243	-0.4185674741923194	-0.3640580037815061	-0.3944740213584639	-0.1733369649731656
9_+_128627924_128627942	-0.0545852969843884	-0.2616572554101479	-0.2217389426465142	-0.2081369625278192	-0.1286878698249446	-0.2376808166624653	-0.0510210620176301
X_+_150712341_150712365	-0.1456916099773243	0.0	-0.0418470418470419	-0.1414582741309082	-0.2353535353535353	NA	0.0
X_-_154357250_154357274	0.0239918364379346	-0.1233359010752714	-0.171900128765188	-0.2388123219217132	-0.2036120157667813	-0.2379629605072198	-0.2229697980171452
