path	sample
/home/pth1612/CD8_microexon_reproduction/01_raw_fastq/SRR26818928_1.fastq.gz	CD8_ctrl_1
/home/pth1612/CD8_microexon_reproduction/01_raw_fastq/SRR26818928_2.fastq.gz	CD8_ctrl_1_R
/home/pth1612/CD8_microexon_reproduction/01_raw_fastq/SRR26818927_1.fastq.gz	CD8_ctrl_2
/home/pth1612/CD8_microexon_reproduction/01_raw_fastq/SRR26818927_2.fastq.gz	CD8_ctrl_2_R
/home/pth1612/CD8_microexon_reproduction/01_raw_fastq/SRR26818926_1.fastq.gz	CD8_ctrl_3
/home/pth1612/CD8_microexon_reproduction/01_raw_fastq/SRR26818926_2.fastq.gz	CD8_ctrl_3_R
/home/pth1612/CD8_microexon_reproduction/01_raw_fastq/SRR26818925_1.fastq.gz	CD8_30min_activation_1
/home/pth1612/CD8_microexon_reproduction/01_raw_fastq/SRR26818925_2.fastq.gz	CD8_30min_activation_1_R
/home/pth1612/CD8_microexon_reproduction/01_raw_fastq/SRR26818924_1.fastq.gz	CD8_30min_activation_2
/home/pth1612/CD8_microexon_reproduction/01_raw_fastq/SRR26818924_2.fastq.gz	CD8_30min_activation_2_R
/home/pth1612/CD8_microexon_reproduction/01_raw_fastq/SRR26818923_1.fastq.gz	CD8_30min_activation_3
/home/pth1612/CD8_microexon_reproduction/01_raw_fastq/SRR26818923_2.fastq.gz	CD8_30min_activation_3_R
/home/pth1612/CD8_microexon_reproduction/01_raw_fastq/SRR26818922_1.fastq.gz	CD8_3hr_activation_1
/home/pth1612/CD8_microexon_reproduction/01_raw_fastq/SRR26818922_2.fastq.gz	CD8_3hr_activation_1_R
/home/pth1612/CD8_microexon_reproduction/01_raw_fastq/SRR26818921_1.fastq.gz	CD8_3hr_activation_2
/home/pth1612/CD8_microexon_reproduction/01_raw_fastq/SRR26818921_2.fastq.gz	CD8_3hr_activation_2_R
/home/pth1612/CD8_microexon_reproduction/01_raw_fastq/SRR26818920_1.fastq.gz	CD8_3hr_activation_3
/home/pth1612/CD8_microexon_reproduction/01_raw_fastq/SRR26818920_2.fastq.gz	CD8_3hr_activation_3_R
/home/pth1612/CD8_microexon_reproduction/01_raw_fastq/SRR26818919_1.fastq.gz	CD8_12hr_activation_1
/home/pth1612/CD8_microexon_reproduction/01_raw_fastq/SRR26818919_2.fastq.gz	CD8_12hr_activation_1_R
/home/pth1612/CD8_microexon_reproduction/01_raw_fastq/SRR26818918_1.fastq.gz	CD8_12hr_activation_2
/home/pth1612/CD8_microexon_reproduction/01_raw_fastq/SRR26818918_2.fastq.gz	CD8_12hr_activation_2_R
/home/pth1612/CD8_microexon_reproduction/01_raw_fastq/SRR26818917_1.fastq.gz	CD8_12hr_activation_3
/home/pth1612/CD8_microexon_reproduction/01_raw_fastq/SRR26818917_2.fastq.gz	CD8_12hr_activation_3_R
/home/pth1612/CD8_microexon_reproduction/01_raw_fastq/SRR26818916_1.fastq.gz	CD8_24hr_activation_1
/home/pth1612/CD8_microexon_reproduction/01_raw_fastq/SRR26818916_2.fastq.gz	CD8_24hr_activation_1_R
/home/pth1612/CD8_microexon_reproduction/01_raw_fastq/SRR26818915_1.fastq.gz	CD8_24hr_activation_2
/home/pth1612/CD8_microexon_reproduction/01_raw_fastq/SRR26818915_2.fastq.gz	CD8_24hr_activation_2_R
/home/pth1612/CD8_microexon_reproduction/01_raw_fastq/SRR26818914_1.fastq.gz	CD8_24hr_activation_3
/home/pth1612/CD8_microexon_reproduction/01_raw_fastq/SRR26818914_2.fastq.gz	CD8_24hr_activation_3_R
/home/pth1612/CD8_microexon_reproduction/01_raw_fastq/SRR26818913_1.fastq.gz	CD8_48hr_activation_1
/home/pth1612/CD8_microexon_reproduction/01_raw_fastq/SRR26818913_2.fastq.gz	CD8_48hr_activation_1_R
/home/pth1612/CD8_microexon_reproduction/01_raw_fastq/SRR26818912_1.fastq.gz	CD8_48hr_activation_2
/home/pth1612/CD8_microexon_reproduction/01_raw_fastq/SRR26818912_2.fastq.gz	CD8_48hr_activation_2_R
/home/pth1612/CD8_microexon_reproduction/01_raw_fastq/SRR26818911_1.fastq.gz	CD8_48hr_activation_3
/home/pth1612/CD8_microexon_reproduction/01_raw_fastq/SRR26818911_2.fastq.gz	CD8_48hr_activation_3_R
/home/pth1612/CD8_microexon_reproduction/01_raw_fastq/SRR26818910_1.fastq.gz	CD8_72hr_activation_1
/home/pth1612/CD8_microexon_reproduction/01_raw_fastq/SRR26818910_2.fastq.gz	CD8_72hr_activation_1_R
/home/pth1612/CD8_microexon_reproduction/01_raw_fastq/SRR26818909_1.fastq.gz	CD8_72hr_activation_2
/home/pth1612/CD8_microexon_reproduction/01_raw_fastq/SRR26818909_2.fastq.gz	CD8_72hr_activation_2_R
/home/pth1612/CD8_microexon_reproduction/01_raw_fastq/SRR26818908_1.fastq.gz	CD8_72hr_activation_3
/home/pth1612/CD8_microexon_reproduction/01_raw_fastq/SRR26818908_2.fastq.gz	CD8_72hr_activation_3_R
/home/pth1612/CD8_microexon_reproduction/01_raw_fastq/SRR26818907_1.fastq.gz	CD8_7day_activation_1
/home/pth1612/CD8_microexon_reproduction/01_raw_fastq/SRR26818907_2.fastq.gz	CD8_7day_activation_1_R
/home/pth1612/CD8_microexon_reproduction/01_raw_fastq/SRR26818906_1.fastq.gz	CD8_7day_activation_2
/home/pth1612/CD8_microexon_reproduction/01_raw_fastq/SRR26818906_2.fastq.gz	CD8_7day_activation_2_R
/home/pth1612/CD8_microexon_reproduction/01_raw_fastq/SRR26818905_1.fastq.gz	CD8_7day_activation_3
/home/pth1612/CD8_microexon_reproduction/01_raw_fastq/SRR26818905_2.fastq.gz	CD8_7day_activation_3_R
