CD8_ctrl_1	CD8_ctrl_1_R
CD8_ctrl_2	CD8_ctrl_2_R
CD8_ctrl_3	CD8_ctrl_3_R
CD8_30min_activation_1	CD8_30min_activation_1_R
CD8_30min_activation_2	CD8_30min_activation_2_R
CD8_30min_activation_3	CD8_30min_activation_3_R
CD8_3hr_activation_1	CD8_3hr_activation_1_R
CD8_3hr_activation_2	CD8_3hr_activation_2_R
CD8_3hr_activation_3	CD8_3hr_activation_3_R
CD8_12hr_activation_1	CD8_12hr_activation_1_R
CD8_12hr_activation_2	CD8_12hr_activation_2_R
CD8_12hr_activation_3	CD8_12hr_activation_3_R
CD8_24hr_activation_1	CD8_24hr_activation_1_R
CD8_24hr_activation_2	CD8_24hr_activation_2_R
CD8_24hr_activation_3	CD8_24hr_activation_3_R
CD8_48hr_activation_1	CD8_48hr_activation_1_R
CD8_48hr_activation_2	CD8_48hr_activation_2_R
CD8_48hr_activation_3	CD8_48hr_activation_3_R
CD8_72hr_activation_1	CD8_72hr_activation_1_R
CD8_72hr_activation_2	CD8_72hr_activation_2_R
CD8_72hr_activation_3	CD8_72hr_activation_3_R
CD8_7day_activation_1	CD8_7day_activation_1_R
CD8_7day_activation_2	CD8_7day_activation_2_R
CD8_7day_activation_3	CD8_7day_activation_3_R
